Soil_Type,pH,EC,Organic_Carbon,Nitrogen,Phosphorus,Potassium,Moisture,Temperature,Soil_Quality
Clay,4.91,1.33,0.96,84,74,531,15.66,29.19,Poor
Sandy,8.63,1.53,0.8,297,65,432,14.14,12.02,Good
Clay,5.12,2.19,0.89,90,30,528,36.62,17.59,Poor
Clay,8.78,2.46,1.09,406,75,68,42.46,34.24,Good
Sandy,6.51,1.14,0.54,196,87,78,26.04,15.01,Moderate
Sandy,5.33,2.1,1.16,263,74,212,33.08,30.95,Good
Clay,6.94,1.96,1.51,441,33,56,42.01,33.41,Excellent
Loamy,8.43,1.52,1.44,195,70,95,13.15,19.9,Excellent
Clay,7.8,2.4,0.53,241,23,265,36.97,19.67,Moderate
Clay,8.13,0.66,0.52,146,72,597,31.59,26.73,Poor
Clay,7.46,0.45,0.7,279,62,106,30.95,35.84,Moderate
Clay,7.62,2.16,0.84,110,74,236,20.24,16.72,Poor
Sandy,8.32,1.21,0.91,154,61,62,33.94,38.24,Good
Clay,5.62,2.15,1.32,316,41,276,37.82,27.97,Excellent
Loamy,6.7,2.25,0.39,406,65,177,13.95,39.76,Poor
Sandy,5.5,0.34,0.35,145,34,512,28.67,12.69,Poor
Loamy,8.94,2.23,0.89,149,75,592,13.54,13.8,Poor
Loamy,8.75,1.23,1.35,376,77,268,40.54,34.8,Excellent
Loamy,4.68,1.37,0.59,99,29,356,27.77,35.94,Poor
Loamy,7.68,1.64,1.26,305,69,240,38.28,23.36,Excellent
Sandy,8.66,2.33,0.69,278,10,297,22.88,31.42,Moderate
Sandy,5.31,0.24,1.63,118,22,519,14.38,36.03,Poor
Loamy,7.06,1.3,1.64,224,14,217,11.45,11.29,Excellent
Loamy,8.62,1.78,0.75,124,15,162,19.85,27.22,Poor
Sandy,4.65,1.86,0.64,405,69,381,18.55,35.6,Moderate
Sandy,7.64,1.79,0.92,170,81,210,29.61,21.94,Good
Sandy,5.84,0.51,0.66,317,88,98,10.76,19.07,Moderate
Clay,8.66,0.89,1.31,149,69,504,28.22,33.87,Poor
Clay,8.87,1.03,1.54,245,56,299,23.71,20.07,Excellent
Clay,8.75,2.05,1.31,209,71,412,30.2,10.1,Excellent
Loamy,6.63,0.84,1.54,293,86,134,34.58,38.79,Excellent
Clay,8.38,0.68,0.9,419,82,164,32.19,27.76,Good
Loamy,8.3,2.4,0.53,168,35,80,44.46,34.59,Moderate
Loamy,5.94,0.22,1.41,414,21,293,14.84,34.76,Excellent
Clay,8.23,2.49,0.84,331,59,46,25.04,11.99,Good
Loamy,4.67,1.76,1.31,448,40,510,24.87,15.13,Excellent
Clay,7.18,2.11,0.71,428,30,550,24.6,19.33,Moderate
Clay,5.54,0.88,0.42,151,57,108,33.23,19.62,Poor
Sandy,5.04,0.23,1.79,244,21,120,27.14,29.76,Excellent
Clay,4.85,1.9,0.53,128,29,581,28.11,28.69,Poor
Sandy,7.63,2.12,1.78,131,6,301,25.13,24.84,Poor
Clay,6.03,1.9,1.77,368,9,128,44.71,16.34,Excellent
Clay,7.76,0.53,1.49,357,8,247,42.46,21.46,Excellent
Sandy,4.79,1.93,1.29,193,40,252,20.77,26.31,Excellent
Sandy,5.92,1.97,1.17,318,10,305,13.91,24.04,Good
Clay,6.93,1.71,1.6,212,25,332,39.39,13.82,Excellent
Loamy,8.06,1.96,0.73,353,81,246,44.9,29.49,Moderate
Sandy,5.93,2.15,1.0,245,30,372,20.24,12.19,Good
Loamy,7.32,1.61,1.23,372,59,116,22.52,21.35,Excellent
Loamy,8.49,0.4,0.92,322,43,327,42.96,31.3,Good
Loamy,7.27,1.32,0.94,399,88,86,34.89,10.6,Good
Sandy,5.55,0.38,0.8,217,37,239,20.35,27.1,Good
Loamy,4.61,1.14,1.15,158,18,466,30.34,20.04,Good
Sandy,8.42,1.14,1.58,249,60,249,43.05,10.26,Excellent
Loamy,4.6,0.35,0.6,202,85,459,38.41,15.71,Moderate
Clay,8.44,1.0,1.7,255,25,193,35.96,38.23,Excellent
Clay,6.88,0.46,1.33,379,50,561,35.79,25.63,Excellent
Sandy,8.73,2.06,1.53,161,20,454,16.23,39.92,Excellent
Clay,8.09,2.38,1.13,166,20,392,38.86,25.74,Good
Clay,8.99,0.37,1.47,304,88,196,19.66,26.32,Excellent
Loamy,6.08,2.4,0.32,95,33,300,42.56,21.76,Poor
Sandy,7.95,1.4,1.53,389,12,116,22.76,19.3,Excellent
Loamy,6.31,0.89,0.36,437,7,527,40.02,17.55,Poor
Loamy,6.66,0.38,1.63,242,23,170,19.32,20.3,Excellent
Loamy,7.32,1.35,1.79,177,70,494,28.01,23.8,Excellent
Loamy,8.43,2.03,0.74,235,83,202,13.74,15.76,Moderate
Loamy,8.93,1.83,0.62,81,78,54,33.1,16.75,Poor
Loamy,7.96,0.32,1.45,429,86,271,39.26,18.15,Excellent
Loamy,6.38,0.37,0.68,248,26,234,35.15,23.48,Moderate
Sandy,6.4,1.13,1.6,394,50,581,28.31,29.58,Excellent
Clay,7.82,0.88,0.45,404,17,398,11.58,35.68,Poor
Loamy,5.57,0.73,0.49,171,37,370,42.67,18.61,Poor
Loamy,5.0,0.85,1.77,260,9,466,34.69,15.51,Excellent
Loamy,6.1,2.05,1.31,310,81,536,36.11,21.37,Excellent
Loamy,5.79,2.34,1.57,380,31,525,37.81,36.83,Excellent
Loamy,5.83,1.13,0.79,227,82,488,36.17,10.3,Good
Loamy,5.55,2.28,1.31,359,28,452,25.44,30.34,Excellent
Clay,4.69,0.94,1.19,268,71,369,35.68,24.31,Good
Clay,4.58,1.3,1.2,426,67,186,31.88,14.83,Good
Loamy,8.94,0.72,1.32,429,52,298,39.89,19.63,Excellent
Clay,6.42,1.67,1.16,393,67,331,38.09,16.75,Good
Sandy,6.23,2.45,0.94,207,82,182,11.45,36.33,Good
Loamy,7.56,1.59,0.71,86,16,404,23.26,24.46,Poor
Sandy,5.48,1.02,1.45,126,32,129,11.22,26.89,Poor
Sandy,8.77,1.69,0.64,132,48,203,13.57,27.81,Poor
Loamy,8.04,0.48,1.34,266,47,520,31.05,29.19,Excellent
Clay,4.9,2.24,0.65,117,21,123,40.58,24.87,Poor
Sandy,6.38,1.36,1.24,305,44,116,14.19,10.54,Excellent
Loamy,8.46,1.23,1.42,132,53,556,25.79,20.04,Poor
Sandy,8.75,1.55,0.63,303,89,524,41.88,15.52,Moderate
Sandy,6.6,1.64,0.39,233,61,143,38.5,30.4,Poor
Sandy,7.26,0.37,0.5,127,88,491,28.19,11.7,Poor
Sandy,5.25,1.77,1.21,430,68,526,37.01,26.91,Excellent
Clay,8.96,0.76,1.57,226,79,378,28.29,16.32,Excellent
Sandy,5.54,1.84,0.37,143,61,517,15.53,38.47,Poor
Sandy,8.74,2.09,1.4,428,78,262,14.37,20.07,Excellent
Sandy,7.42,2.05,0.81,261,78,48,16.59,19.76,Good
Clay,7.23,1.47,1.02,204,74,92,22.28,37.7,Good
Sandy,6.81,1.4,1.69,258,80,116,42.57,22.52,Excellent
Sandy,5.54,0.53,0.8,118,47,542,37.99,38.89,Poor
Clay,5.29,1.98,1.0,339,27,355,25.15,10.73,Good
Clay,5.49,0.82,0.32,82,31,204,27.26,19.19,Poor
Clay,5.34,1.34,0.42,143,62,318,19.3,29.99,Poor
Sandy,8.01,0.85,0.69,108,41,66,34.65,36.73,Poor
Clay,6.08,0.51,0.34,90,10,109,38.1,17.69,Poor
Clay,4.76,1.65,1.25,176,69,257,18.36,37.91,Excellent
Sandy,8.86,0.32,0.94,437,10,404,11.46,27.82,Good
Clay,8.48,1.92,1.12,282,54,345,31.84,34.03,Good
Sandy,8.67,0.93,0.56,100,26,163,29.69,21.92,Poor
Loamy,8.98,0.2,0.74,118,29,58,24.07,16.37,Poor
Clay,5.28,1.38,1.3,302,83,296,32.54,37.34,Excellent
Loamy,6.28,0.31,1.75,181,76,335,29.27,37.99,Excellent
Sandy,7.91,0.84,0.38,125,55,61,18.77,24.93,Poor
Clay,7.63,1.83,1.64,145,52,489,23.92,10.19,Poor
Sandy,5.19,0.34,1.17,170,74,591,24.98,13.29,Good
Loamy,8.17,2.13,1.15,243,69,589,40.81,27.19,Good
Sandy,5.51,0.21,1.05,190,64,87,43.63,10.71,Good
Clay,5.51,0.77,0.4,417,50,222,41.26,21.91,Poor
Clay,6.92,1.9,0.43,202,40,474,35.17,19.1,Poor
Loamy,7.17,0.93,1.2,272,62,146,30.47,31.43,Good
Sandy,7.11,0.43,0.81,178,80,227,34.12,11.67,Good
Clay,4.91,1.03,1.68,370,42,125,42.87,24.66,Excellent
Loamy,8.45,0.82,0.91,238,15,495,18.75,27.37,Good
Clay,5.7,2.14,0.51,182,16,176,28.73,28.52,Moderate
Clay,5.08,0.92,1.37,360,46,375,34.14,22.15,Excellent
Sandy,8.5,2.01,0.74,122,43,508,33.77,19.13,Poor
Clay,8.8,2.25,1.09,163,75,442,18.83,30.47,Good
Sandy,8.38,1.2,1.35,270,15,579,30.54,35.43,Excellent
Clay,8.14,2.29,1.65,130,40,111,37.86,30.81,Poor
Loamy,7.45,1.07,1.49,289,56,63,26.63,37.96,Excellent
Clay,6.98,2.42,1.31,205,35,524,37.77,31.52,Excellent
Sandy,4.89,0.41,1.32,148,37,95,22.6,32.94,Poor
Sandy,6.34,1.78,1.72,344,17,262,42.86,15.04,Excellent
Loamy,6.18,1.34,0.74,337,22,218,28.69,22.59,Moderate
Clay,5.67,1.09,0.3,267,45,473,30.86,24.55,Poor
Clay,7.76,1.66,0.71,309,62,489,11.1,17.69,Moderate
Loamy,6.73,1.82,0.63,268,60,531,15.96,25.86,Moderate
Clay,4.86,0.21,1.29,89,28,228,32.15,18.72,Poor
Clay,5.49,0.58,1.25,193,77,459,24.7,30.63,Excellent
Sandy,7.57,1.84,1.19,155,35,288,27.79,24.11,Good
Clay,4.84,1.73,0.32,243,59,203,12.2,23.76,Poor
Clay,8.33,2.42,1.39,164,14,294,39.19,39.51,Excellent
Loamy,6.73,1.95,0.79,128,64,515,37.46,21.77,Poor
Loamy,6.66,2.39,1.3,405,6,456,16.49,20.87,Excellent
Sandy,7.17,1.82,1.13,256,19,209,32.2,19.56,Good
Clay,8.21,0.89,0.81,297,7,356,38.64,36.84,Good
Clay,6.07,0.44,0.5,268,47,213,32.43,24.9,Moderate
Clay,7.55,2.0,0.44,425,35,509,20.86,28.0,Poor
Sandy,7.05,1.68,1.55,309,74,384,32.96,15.42,Excellent
Sandy,5.7,0.31,1.68,334,71,484,17.37,26.23,Excellent
Loamy,8.45,1.03,1.27,315,60,57,21.14,18.24,Excellent
Sandy,8.09,2.4,0.46,105,67,109,18.4,31.92,Poor
Clay,7.46,1.35,0.9,151,79,377,29.49,34.98,Good
Clay,8.33,1.2,1.39,340,19,566,13.79,31.44,Excellent
Sandy,8.4,1.25,1.47,333,14,495,42.67,31.91,Excellent
Clay,7.69,0.68,0.48,350,42,308,21.67,25.37,Poor
Clay,8.27,1.05,0.3,202,51,227,17.66,31.36,Poor
Sandy,7.64,1.05,1.37,223,61,568,27.38,22.68,Excellent
Sandy,7.56,0.32,0.83,336,54,473,19.69,29.54,Good
Clay,7.28,1.97,0.68,223,75,327,28.72,17.77,Moderate
Clay,7.89,1.16,0.32,338,19,538,22.2,12.09,Poor
Clay,5.21,2.09,1.11,126,22,480,14.62,22.4,Poor
Loamy,8.46,2.16,1.58,430,86,342,19.31,23.85,Excellent
Loamy,8.42,0.69,1.74,92,6,126,25.35,17.69,Poor
Loamy,4.63,1.71,1.15,287,88,477,11.06,31.83,Good
Sandy,8.22,1.29,1.07,390,47,580,36.97,12.21,Good
Loamy,5.08,2.22,0.43,314,30,61,31.76,16.68,Poor
Sandy,6.01,0.7,1.12,228,75,599,31.05,32.46,Good
Sandy,7.85,1.76,0.87,401,42,556,29.11,23.11,Good
Loamy,5.22,1.6,1.21,234,46,542,30.66,31.16,Excellent
Loamy,8.18,0.88,0.88,245,9,506,42.71,27.02,Good
Loamy,8.24,0.51,0.66,169,15,140,10.3,38.52,Moderate
Clay,6.78,1.7,0.44,265,69,180,11.67,27.93,Poor
Loamy,4.53,1.9,0.77,397,38,177,16.7,10.45,Good
Clay,5.79,0.93,0.44,437,5,267,15.86,20.59,Poor
Sandy,7.28,1.68,0.57,253,87,320,16.34,14.29,Moderate
Clay,8.92,1.11,1.78,296,6,470,33.52,37.74,Excellent
Loamy,7.34,1.84,0.97,343,89,79,26.08,13.12,Good
Sandy,5.67,0.66,1.1,176,24,558,44.71,21.63,Good
Sandy,7.35,2.25,1.61,196,65,250,17.94,16.78,Excellent
Sandy,6.93,0.86,1.79,278,25,341,20.88,35.4,Excellent
Clay,8.01,1.05,1.17,399,72,125,44.45,19.26,Good
Loamy,4.98,0.33,1.52,100,16,436,39.11,39.76,Poor
Sandy,7.92,0.46,0.79,279,26,292,26.44,11.16,Good
Sandy,6.94,1.39,0.76,420,24,572,29.41,13.85,Good
Sandy,8.83,0.82,0.9,327,86,420,39.51,16.74,Good
Clay,6.04,2.12,1.31,355,5,483,26.83,34.33,Excellent
Clay,7.35,0.23,1.32,343,34,72,17.21,36.36,Excellent
Loamy,8.69,1.07,0.77,137,28,299,39.0,12.14,Poor
Clay,4.96,0.98,0.5,381,18,273,28.82,10.97,Moderate
Sandy,8.72,0.24,1.25,110,40,554,15.36,32.34,Poor
Loamy,7.6,0.49,0.49,328,73,347,27.7,14.0,Poor
Sandy,4.81,1.15,1.17,172,79,109,24.46,13.99,Good
Sandy,5.85,1.33,1.34,344,28,493,40.69,10.67,Excellent
Clay,7.69,1.13,1.35,350,64,478,14.41,11.49,Excellent
Loamy,4.8,1.42,1.43,173,59,403,40.63,17.91,Excellent
Clay,7.12,1.57,1.61,233,81,520,27.93,11.95,Excellent
Clay,6.06,0.22,1.05,364,84,183,24.15,21.07,Good
Loamy,7.29,1.27,1.4,159,28,63,15.67,34.98,Excellent
Sandy,4.71,2.42,1.23,371,81,464,34.53,19.79,Excellent
Sandy,8.42,1.39,0.58,163,28,214,42.44,31.84,Moderate
Loamy,8.88,1.76,0.34,444,58,364,23.14,12.82,Poor
Sandy,8.86,0.92,0.73,116,30,387,18.46,29.78,Poor
Loamy,7.87,1.98,0.96,421,70,57,29.42,19.5,Good
Loamy,5.09,1.98,1.23,406,84,83,37.87,32.49,Excellent
Clay,7.91,1.4,1.57,311,42,194,10.13,14.09,Excellent
Loamy,4.61,2.44,0.59,172,69,416,32.1,36.94,Moderate
Clay,4.6,0.49,0.49,415,79,441,30.88,17.28,Poor
Sandy,5.96,0.24,1.75,181,55,264,21.14,20.59,Excellent
Sandy,6.7,1.97,0.46,245,39,256,25.8,38.51,Poor
Sandy,7.97,2.06,1.02,238,47,70,18.64,27.35,Good
Sandy,7.57,0.48,1.18,93,33,98,37.65,20.97,Poor
Clay,6.51,0.81,1.11,304,41,392,32.21,38.49,Good
Sandy,5.73,0.24,0.43,152,85,484,28.64,19.87,Poor
Loamy,8.99,0.87,0.39,328,62,274,23.74,12.85,Poor
Loamy,6.42,1.98,0.46,170,58,146,20.2,39.91,Poor
Loamy,6.53,1.39,1.18,295,43,230,38.8,18.04,Good
Clay,5.24,1.0,1.12,169,46,569,25.8,35.54,Good
Sandy,8.08,1.06,0.65,108,32,284,27.55,14.97,Poor
Sandy,7.62,0.2,1.26,384,33,115,28.23,31.94,Excellent
Sandy,5.49,0.89,1.53,299,47,586,25.69,25.73,Excellent
Clay,4.87,1.69,0.36,407,7,306,18.96,39.43,Poor
Loamy,7.56,2.44,1.05,294,14,356,14.21,26.58,Good
Loamy,7.45,2.15,1.33,300,63,160,13.45,10.75,Excellent
Sandy,5.73,0.25,0.68,121,18,64,36.51,28.12,Poor
Loamy,8.78,2.27,0.76,214,80,471,17.82,14.36,Good
Loamy,5.18,2.0,1.22,121,51,199,11.95,33.96,Poor
Clay,6.45,1.99,1.65,243,46,153,37.91,35.7,Excellent
Clay,8.75,1.25,1.51,440,36,541,15.39,24.46,Excellent
Clay,6.39,1.12,1.17,362,36,205,31.88,33.5,Good
Clay,7.37,0.9,1.4,137,46,214,21.85,14.35,Poor
Sandy,6.29,0.35,0.85,381,36,40,14.43,24.76,Good
Clay,5.73,0.72,1.26,401,30,125,24.51,21.82,Excellent
Loamy,8.93,0.77,1.0,104,5,359,10.52,28.34,Poor
Sandy,6.34,1.31,0.58,152,60,440,39.44,11.33,Moderate
Loamy,8.52,1.92,1.35,208,6,421,27.97,32.56,Excellent
Loamy,5.53,1.29,1.13,166,85,357,14.87,12.37,Good
Loamy,5.46,0.33,0.84,409,34,289,18.29,29.69,Good
Clay,4.64,2.4,1.67,232,75,564,25.68,10.55,Excellent
Clay,7.43,2.37,0.33,261,56,594,16.61,34.96,Poor
Sandy,6.16,2.01,0.77,204,13,295,19.4,15.24,Good
Sandy,8.39,2.48,0.39,146,26,346,28.7,25.46,Poor
Clay,6.63,1.45,1.45,85,38,183,39.14,17.84,Poor
Loamy,8.86,2.41,1.35,204,53,430,24.06,31.68,Excellent
Sandy,5.33,0.37,0.8,393,5,208,35.09,19.64,Good
Clay,8.41,1.04,1.31,405,77,337,40.68,31.74,Excellent
Clay,7.99,0.72,0.89,132,88,272,17.57,18.55,Poor
Clay,7.97,0.65,1.43,145,57,310,38.25,32.57,Poor
Loamy,8.3,0.52,0.98,393,87,99,36.51,10.92,Good
Clay,7.92,1.63,0.92,161,44,335,22.49,18.5,Good
Clay,7.32,2.0,1.7,166,49,506,44.63,24.96,Excellent
Clay,5.09,1.53,0.68,81,72,274,19.19,11.35,Poor
Clay,4.65,0.54,0.48,283,13,273,18.92,15.58,Poor
Sandy,8.64,2.07,1.18,229,26,407,37.03,38.04,Good
Sandy,7.27,1.66,1.75,372,22,271,25.21,39.31,Excellent
Clay,8.08,1.09,0.87,182,80,530,21.58,32.19,Good
Loamy,6.67,1.75,0.39,103,47,542,16.25,17.57,Poor
Sandy,5.03,0.8,0.81,447,43,420,36.79,17.82,Good
Clay,5.06,0.99,1.06,291,77,467,37.52,29.37,Good
Sandy,7.59,2.31,0.54,144,10,403,29.83,13.53,Poor
Sandy,6.44,0.87,1.29,288,87,241,43.51,38.45,Excellent
Loamy,5.4,1.28,1.8,330,52,185,21.14,16.74,Excellent
Clay,6.71,2.25,0.98,196,11,496,17.69,39.99,Good
Clay,4.79,1.83,0.83,195,84,174,33.71,24.87,Good
Loamy,7.12,0.34,0.9,316,73,303,36.54,33.14,Good
Loamy,5.71,0.54,0.47,184,20,103,17.87,10.07,Poor
Clay,8.09,0.22,1.62,338,5,530,12.68,36.66,Excellent
Clay,5.9,1.65,0.92,125,41,80,38.37,18.1,Poor
Loamy,6.55,1.23,0.88,390,87,335,44.18,30.04,Good
Sandy,4.55,0.51,1.29,410,41,42,32.56,34.19,Excellent
Sandy,4.83,2.4,0.96,295,85,149,19.73,14.92,Good
Loamy,6.27,1.42,1.27,380,68,260,44.88,23.28,Excellent
Sandy,6.66,0.76,0.39,412,66,409,41.26,24.82,Poor
Loamy,7.2,1.35,1.52,103,76,407,27.97,19.36,Poor
Sandy,5.81,1.76,1.71,114,65,475,38.89,24.45,Poor
Sandy,7.63,0.38,1.27,103,37,43,38.55,19.53,Poor
Clay,8.37,0.83,1.73,107,70,283,42.72,20.82,Poor
Clay,8.01,2.06,0.53,95,34,205,39.43,30.08,Poor
Sandy,4.68,1.26,1.02,138,24,65,32.53,28.98,Poor
Sandy,6.66,1.46,1.2,322,64,434,31.33,16.97,Good
Clay,4.97,1.2,1.17,286,86,513,26.36,36.92,Good
Clay,5.59,0.3,0.9,350,78,56,31.93,35.88,Good
Clay,8.94,0.58,0.81,328,28,131,37.83,25.27,Good
Loamy,5.14,1.22,0.49,346,8,522,43.92,23.0,Poor
Sandy,6.74,0.68,0.89,272,41,582,26.36,21.31,Good
Clay,7.28,0.31,0.54,414,8,244,30.08,31.22,Moderate
Sandy,7.66,2.14,1.4,297,81,541,25.57,30.15,Excellent
Loamy,7.02,2.46,0.61,194,81,439,33.4,15.89,Moderate
Loamy,4.54,2.02,0.39,147,22,246,32.05,30.14,Poor
Clay,5.97,2.16,1.13,378,70,185,10.62,17.57,Good
Loamy,6.83,0.76,1.19,404,52,140,28.94,10.56,Good
Sandy,4.9,2.41,1.61,154,37,280,13.1,30.98,Excellent
Clay,6.08,0.65,1.17,182,62,202,10.92,29.34,Good
Sandy,4.65,2.39,0.82,376,87,212,37.69,22.32,Good
Sandy,4.85,2.49,1.5,257,77,541,19.05,25.77,Excellent
Loamy,6.29,1.84,1.11,294,32,586,21.92,38.42,Good
Loamy,5.1,2.46,0.42,394,39,323,12.24,27.86,Poor
Loamy,7.05,1.51,1.15,118,14,398,16.28,29.74,Poor
Loamy,7.6,0.8,1.66,338,69,420,36.8,11.92,Excellent
Loamy,8.1,1.21,0.89,283,46,572,27.27,14.98,Good
Clay,5.4,1.57,0.74,86,89,202,40.82,19.03,Poor
Sandy,5.25,0.37,0.52,128,13,346,23.9,26.18,Poor
Sandy,4.97,1.63,0.53,105,64,378,19.4,33.3,Poor
Sandy,7.36,2.46,0.95,240,19,94,22.17,19.64,Good
Sandy,7.68,0.64,1.19,436,61,372,34.95,20.69,Good
Loamy,4.64,2.02,0.42,255,73,166,29.43,17.68,Poor
Sandy,8.71,2.29,1.71,158,26,282,41.65,17.64,Excellent
Clay,4.73,2.37,1.43,81,68,448,31.08,38.47,Poor
Clay,6.94,2.41,1.18,211,45,542,27.26,29.06,Good
Sandy,7.69,1.4,1.54,355,75,342,37.5,14.68,Excellent
Sandy,8.42,2.45,0.42,196,60,503,43.16,31.67,Poor
Clay,7.71,1.94,1.02,243,27,274,22.45,31.66,Good
Clay,8.11,0.57,1.25,367,29,77,18.75,29.99,Excellent
Loamy,6.03,1.3,1.54,107,10,178,31.57,14.04,Poor
Clay,8.17,1.85,1.48,412,38,234,27.46,22.24,Excellent
Loamy,4.86,0.77,0.72,80,67,566,44.62,13.2,Poor
Loamy,8.53,1.67,1.71,267,13,40,26.18,34.5,Excellent
Loamy,6.96,1.73,0.49,135,64,135,12.6,29.66,Poor
Loamy,8.18,0.57,1.61,114,53,452,44.21,25.22,Poor
Loamy,6.54,1.5,1.76,191,55,577,39.53,20.29,Excellent
Sandy,7.4,1.97,0.57,365,64,468,16.24,15.53,Moderate
Clay,6.87,1.35,1.38,389,74,274,41.66,13.19,Excellent
Loamy,7.79,0.23,0.36,115,41,388,21.92,39.08,Poor
Clay,4.87,0.22,0.91,296,35,520,23.2,15.99,Good
Clay,4.77,1.02,1.07,159,45,435,41.72,11.8,Good
Loamy,5.61,2.33,1.17,393,66,390,28.55,38.85,Good
Sandy,5.22,0.73,1.7,162,62,455,14.82,26.47,Excellent
Loamy,8.42,1.66,1.31,144,18,90,22.92,33.9,Poor
Sandy,5.49,0.71,1.02,404,40,120,35.27,11.31,Good
Clay,8.89,0.94,1.51,207,40,75,16.1,27.01,Excellent
Sandy,6.02,2.15,1.73,386,83,106,30.66,21.95,Excellent
Sandy,5.32,1.88,0.33,101,12,520,34.33,33.16,Poor
Sandy,8.05,0.42,1.77,295,30,507,22.03,11.15,Excellent
Clay,7.46,1.19,0.43,186,40,181,34.29,22.05,Poor
Clay,6.74,0.27,1.52,188,52,395,40.95,33.97,Excellent
Sandy,7.0,1.31,0.72,436,89,510,26.52,25.68,Moderate
Sandy,7.74,1.72,0.5,260,32,478,23.4,26.5,Moderate
Loamy,5.53,0.47,0.96,435,72,570,18.79,12.91,Good
Sandy,8.98,0.86,1.27,243,66,166,31.15,13.97,Excellent
Loamy,8.89,1.12,0.87,147,84,244,40.79,30.31,Poor
Sandy,7.43,2.31,0.38,371,80,68,21.36,30.25,Poor
Loamy,5.4,2.48,1.2,259,84,484,23.87,39.37,Good
Clay,7.56,0.3,1.65,260,55,503,24.23,31.36,Excellent
Sandy,4.82,1.95,0.87,248,46,319,29.63,24.8,Good
Sandy,4.64,1.05,0.62,101,33,190,17.99,35.72,Poor
Sandy,5.66,1.1,0.96,145,86,279,38.78,13.13,Poor
Sandy,6.58,1.93,0.37,100,14,305,20.35,23.48,Poor
Loamy,8.41,2.31,1.53,179,43,144,34.69,18.61,Excellent
Sandy,7.77,2.39,1.54,379,86,472,27.96,13.14,Excellent
Clay,7.84,1.53,1.18,182,5,536,30.51,32.91,Good
Clay,6.41,1.02,0.83,126,43,479,16.29,25.32,Poor
Sandy,6.06,2.01,1.5,118,25,197,35.73,26.7,Poor
Clay,6.17,0.78,1.13,364,69,211,16.6,22.34,Good
Sandy,8.94,1.5,1.54,389,19,533,13.97,23.81,Excellent
Sandy,4.68,1.02,1.25,169,8,350,29.13,13.48,Excellent
Clay,8.4,1.71,1.48,164,64,442,34.83,30.19,Excellent
Sandy,7.1,0.75,1.2,352,65,502,11.75,22.97,Good
Clay,6.47,0.64,0.92,415,24,406,12.43,34.5,Good
Loamy,7.76,2.31,1.74,267,14,589,38.09,15.89,Excellent
Sandy,6.69,0.43,1.11,238,38,294,38.32,16.15,Good
Loamy,8.43,1.36,1.21,322,52,247,18.59,29.37,Excellent
Clay,8.55,0.71,0.63,152,37,489,31.53,35.38,Moderate
Loamy,6.4,0.29,1.24,128,65,134,25.51,24.17,Poor
Loamy,5.75,0.28,1.16,180,14,517,32.14,31.81,Good
Clay,7.17,0.6,0.58,81,58,229,40.2,39.98,Poor
Loamy,8.61,2.19,0.39,323,88,523,12.79,39.71,Poor
Loamy,5.45,0.85,1.21,255,69,575,37.23,32.33,Excellent
Clay,7.3,2.39,1.45,317,81,462,27.26,32.19,Excellent
Loamy,7.34,1.54,1.09,138,5,172,29.74,17.43,Poor
Clay,7.8,1.2,0.64,432,9,94,32.89,35.01,Moderate
Loamy,5.09,1.53,1.3,178,84,549,42.29,22.15,Excellent
Clay,7.72,1.39,0.42,438,19,580,11.99,38.86,Poor
Clay,8.59,1.95,0.96,81,32,449,11.03,12.44,Poor
Loamy,5.31,0.85,0.55,322,27,250,16.24,23.08,Moderate
Loamy,5.57,1.01,0.58,376,21,332,44.53,26.68,Moderate
Loamy,8.87,2.26,0.6,290,17,154,35.03,22.15,Moderate
Sandy,5.31,2.38,0.88,202,18,298,31.51,16.32,Good
Sandy,8.34,2.25,0.38,308,15,161,11.65,27.79,Poor
Sandy,6.72,1.16,0.9,161,32,338,40.77,32.68,Good
Clay,5.61,1.99,1.07,223,46,420,38.45,29.35,Good
Loamy,8.42,1.3,1.02,219,65,540,33.27,17.03,Good
Clay,6.5,1.34,0.87,108,68,336,21.87,31.95,Poor
Sandy,6.82,0.67,1.56,349,35,401,12.47,17.71,Excellent
Loamy,6.12,1.56,0.52,326,85,502,30.3,15.26,Moderate
Clay,7.17,0.63,1.06,91,77,477,35.19,30.72,Poor
Loamy,5.24,0.96,0.39,434,14,166,13.3,35.28,Poor
Clay,6.26,2.17,0.41,416,12,236,32.18,24.45,Poor
Loamy,8.86,0.68,1.16,185,25,260,20.02,25.94,Good
Sandy,5.66,0.36,1.15,111,81,130,36.75,19.08,Poor
Sandy,7.46,0.36,1.62,153,63,450,28.89,24.84,Excellent
Loamy,5.96,2.36,1.14,250,54,47,14.52,13.96,Good
Clay,7.98,1.37,1.74,416,73,583,28.43,38.67,Excellent
Sandy,5.09,1.14,0.37,148,74,507,23.85,34.01,Poor
Sandy,8.86,2.07,0.45,380,34,359,16.31,30.04,Poor
Sandy,6.54,2.12,0.37,441,21,433,39.45,26.15,Poor
Loamy,5.56,0.96,0.58,216,79,308,10.39,33.77,Moderate
Loamy,4.83,1.8,1.11,179,24,230,20.92,24.84,Good
Clay,5.26,1.97,1.27,225,52,100,10.44,19.0,Excellent
Clay,6.84,1.71,0.37,88,77,477,13.36,14.81,Poor
Clay,6.02,0.55,1.72,141,6,303,20.4,29.43,Poor
Loamy,8.23,2.21,1.56,264,41,134,11.9,37.88,Excellent
Loamy,6.44,1.44,0.74,108,5,592,30.88,14.61,Poor
Clay,5.62,0.85,0.42,193,8,509,13.04,15.4,Poor
Clay,7.28,1.18,0.55,222,58,553,34.56,23.01,Moderate
Loamy,7.68,0.29,0.49,199,29,233,11.84,34.21,Poor
Clay,5.25,0.49,0.48,249,7,521,12.08,18.82,Poor
Sandy,5.25,1.96,1.08,236,13,375,20.69,17.62,Good
Loamy,4.67,0.2,0.67,414,80,474,41.38,28.6,Moderate
Clay,7.81,1.16,0.84,428,78,235,32.45,26.07,Good
Loamy,7.49,1.4,1.78,339,38,288,36.95,11.81,Excellent
Sandy,6.64,0.33,1.33,161,47,537,14.95,12.44,Excellent
Loamy,8.3,2.44,1.72,321,78,251,39.19,29.29,Excellent
Loamy,8.13,0.72,0.51,251,26,505,10.29,23.95,Moderate
Loamy,7.13,0.9,0.87,310,74,260,17.46,39.13,Good
Loamy,8.41,0.9,1.13,287,6,312,31.56,30.36,Good
Sandy,5.43,0.73,0.42,154,70,193,23.13,10.3,Poor
Loamy,5.0,0.2,0.31,349,36,288,44.45,24.43,Poor
Loamy,5.71,1.88,1.31,193,20,318,11.06,22.43,Excellent
Clay,4.76,2.42,1.26,141,80,479,44.95,13.2,Poor
Loamy,6.89,0.72,0.92,441,5,315,31.83,37.7,Good
Clay,8.71,1.73,1.03,399,76,553,29.55,34.15,Good
Sandy,4.68,1.91,0.92,181,52,127,12.08,16.9,Good
Sandy,5.05,2.15,0.34,441,54,544,19.57,17.68,Poor
Sandy,6.53,1.17,0.8,289,17,280,42.36,10.96,Good
Sandy,8.7,0.9,0.57,334,19,275,22.4,18.9,Moderate
Clay,5.92,0.95,0.45,99,57,167,33.16,27.54,Poor
Loamy,6.78,1.84,1.74,137,48,542,44.98,22.63,Poor
Sandy,4.69,2.08,1.2,191,12,239,19.21,39.08,Good
Loamy,5.17,0.62,1.39,392,78,582,30.16,11.68,Excellent
Clay,8.94,1.05,0.77,275,50,541,34.38,27.74,Good
Clay,8.84,2.27,0.89,432,73,531,15.76,35.75,Good
Clay,4.52,2.06,0.66,171,23,60,15.2,24.42,Moderate
Sandy,8.78,2.47,0.45,131,42,273,25.97,10.09,Poor
Loamy,7.38,1.93,0.57,372,15,455,23.5,17.28,Moderate
Loamy,8.41,1.1,1.5,87,47,187,35.0,19.71,Poor
Loamy,6.55,1.56,1.32,379,24,68,12.43,38.98,Excellent
Clay,6.82,1.72,1.12,177,24,400,44.03,37.35,Good
Sandy,6.7,0.38,1.01,315,25,347,10.5,38.48,Good
Clay,7.5,1.45,1.68,148,86,201,31.05,34.77,Poor
Clay,5.13,1.83,0.41,124,61,100,29.69,20.55,Poor
Loamy,4.63,0.58,0.72,216,54,164,14.72,37.18,Moderate
Clay,5.89,2.0,0.82,313,78,495,15.28,39.45,Good
Loamy,7.67,1.54,1.47,111,30,110,37.74,20.5,Poor
Sandy,5.41,2.39,1.79,368,34,505,41.06,17.82,Excellent
Loamy,7.53,0.3,0.66,205,77,282,19.91,26.41,Moderate
Sandy,8.86,0.81,1.61,146,35,529,25.33,15.61,Poor
Loamy,4.92,1.58,1.55,109,46,260,22.42,10.98,Poor
Clay,7.53,0.88,0.64,193,72,512,12.54,38.37,Moderate
Clay,6.5,1.84,0.9,283,65,572,33.56,37.77,Good
Sandy,8.41,1.95,0.91,108,65,533,38.88,14.88,Poor
Sandy,5.3,0.44,1.77,210,74,121,20.67,22.23,Excellent
Sandy,7.62,1.38,0.57,264,82,561,44.66,34.93,Moderate
Loamy,8.27,1.37,1.5,332,72,51,12.65,29.83,Excellent
Loamy,8.75,1.05,0.8,365,21,302,33.16,21.84,Good
Sandy,7.57,2.35,1.4,141,23,488,25.69,32.33,Poor
Clay,6.74,2.1,0.93,82,55,231,25.63,36.91,Poor
Loamy,7.28,1.8,1.17,147,74,153,26.02,37.78,Poor
Loamy,8.41,1.84,1.55,104,67,65,19.05,21.37,Poor
Loamy,7.07,1.26,1.51,258,79,538,35.04,15.21,Excellent
Sandy,4.64,2.32,1.6,220,84,547,35.26,37.39,Excellent
Sandy,8.69,1.8,0.39,310,34,584,19.88,12.78,Poor
Sandy,7.6,1.88,1.34,379,29,101,39.24,31.65,Excellent
Sandy,7.54,2.18,0.51,242,79,268,21.09,14.21,Moderate
Sandy,5.47,0.83,0.92,390,75,74,35.38,21.68,Good
Clay,7.46,2.06,1.12,209,30,495,14.23,22.35,Good
Clay,6.27,0.65,0.9,325,60,541,15.9,14.76,Good
Sandy,7.43,0.99,1.08,376,26,64,21.05,37.68,Good
Loamy,4.98,0.97,1.79,251,23,71,30.79,10.08,Excellent
Sandy,7.46,2.45,0.5,143,35,51,32.59,36.81,Poor
Clay,9.0,2.17,1.31,110,30,358,23.87,36.51,Poor
Clay,4.72,1.81,0.89,126,46,40,12.72,19.51,Poor
Loamy,8.9,1.87,0.5,209,45,474,23.08,31.13,Moderate
Clay,6.33,1.49,0.54,431,27,175,34.11,17.58,Moderate
Sandy,8.42,2.38,1.72,412,51,235,33.48,32.76,Excellent
Loamy,8.02,1.34,1.62,189,17,172,15.61,26.83,Excellent
Sandy,7.05,1.08,1.66,148,70,125,10.27,19.01,Poor
Sandy,7.82,0.57,1.79,137,70,515,36.35,22.01,Poor
Loamy,8.45,2.01,0.61,185,20,363,13.72,30.7,Moderate
Sandy,6.32,1.89,0.83,379,77,219,12.88,37.18,Good
Clay,5.97,1.08,1.3,409,32,555,10.09,13.92,Excellent
Sandy,7.5,0.26,1.03,335,81,214,25.14,27.14,Good
Loamy,8.14,2.13,0.93,391,39,60,27.61,17.61,Good
Loamy,7.93,0.23,0.84,250,45,144,32.32,34.04,Good
Loamy,8.09,1.82,1.19,241,81,482,20.36,12.11,Good
Sandy,6.46,2.43,1.16,365,35,88,34.86,30.67,Good
Loamy,8.18,1.21,0.54,150,89,567,15.93,15.25,Moderate
Loamy,5.04,0.74,1.01,334,36,184,39.12,27.89,Good
Sandy,6.95,1.82,1.13,134,58,379,30.01,35.07,Poor
Clay,4.53,2.08,1.16,402,76,393,30.44,32.65,Good
Sandy,5.96,1.46,0.62,82,63,114,17.34,32.59,Poor
Loamy,6.15,2.42,1.41,105,45,358,12.59,25.54,Poor
Loamy,6.28,0.32,0.34,392,70,126,26.27,36.72,Poor
Sandy,7.63,1.36,0.83,205,58,592,31.55,27.64,Good
Clay,6.25,1.85,1.47,132,44,81,13.33,37.53,Poor
Loamy,6.52,2.18,1.15,277,32,132,43.27,26.4,Good
Loamy,5.57,0.61,0.69,378,41,546,44.31,25.18,Moderate
Loamy,6.18,2.04,1.34,267,69,568,29.09,16.67,Excellent
Sandy,5.52,1.47,1.15,265,78,304,43.25,26.34,Good
Loamy,4.83,1.11,1.49,384,59,331,16.28,14.22,Excellent
Clay,7.22,0.5,1.4,377,8,503,10.89,36.09,Excellent
Loamy,7.51,2.19,1.22,283,14,599,11.38,30.28,Excellent
Loamy,7.29,0.56,1.03,90,51,136,30.56,39.81,Poor
Clay,6.59,0.91,0.5,438,79,134,12.16,12.76,Moderate
Loamy,6.21,0.87,0.69,433,18,365,43.55,17.22,Moderate
Sandy,8.39,2.2,0.93,225,42,113,14.97,36.31,Good
Sandy,6.84,1.75,1.2,164,16,375,20.67,21.86,Good
Sandy,6.66,2.03,1.07,179,49,107,38.79,23.99,Good
Clay,4.62,0.78,0.73,183,21,116,17.66,35.82,Moderate
Loamy,6.04,1.64,0.31,125,84,247,18.5,25.65,Poor
Sandy,6.21,1.52,1.04,123,39,260,32.48,15.8,Poor
Clay,6.29,2.12,0.73,357,70,301,19.66,36.76,Moderate
Loamy,7.11,2.28,1.4,260,79,449,17.61,10.93,Excellent
Clay,6.9,0.23,0.34,266,45,370,18.9,36.86,Poor
Sandy,7.24,1.75,1.18,193,71,383,27.17,11.52,Good
Sandy,7.94,0.32,1.71,334,33,113,43.81,29.98,Excellent
Sandy,8.16,1.46,0.56,109,22,293,39.13,12.15,Poor
Clay,7.73,0.86,1.01,343,24,371,19.96,31.19,Good
Clay,8.8,0.91,0.44,177,18,437,22.72,11.02,Poor
Sandy,4.58,1.01,1.24,392,38,384,26.26,35.27,Excellent
Clay,5.38,1.63,1.13,446,53,494,44.26,23.98,Good
Sandy,4.53,0.97,0.91,408,58,154,16.03,12.8,Good
Sandy,7.41,1.89,1.08,194,35,352,22.51,31.2,Good
Loamy,8.54,1.13,1.64,355,62,267,35.53,24.68,Excellent
Clay,5.6,0.36,0.59,360,46,284,43.74,15.73,Moderate
Sandy,8.67,2.0,0.33,354,62,565,15.45,10.47,Poor
Sandy,4.77,0.86,1.59,340,86,567,17.96,22.54,Excellent
Clay,8.7,1.2,1.17,410,34,466,17.9,12.57,Good
Loamy,6.08,1.78,1.64,286,29,81,10.73,12.83,Excellent
Loamy,4.96,0.96,1.2,407,67,504,31.14,18.02,Good
Sandy,6.69,0.33,1.52,290,23,317,33.47,28.91,Excellent
Clay,5.66,1.06,0.94,294,76,58,31.09,25.9,Good
Loamy,5.78,2.37,1.42,119,12,105,12.5,12.07,Poor
Clay,5.88,1.68,1.67,105,7,206,12.42,39.05,Poor
Clay,8.11,1.74,1.16,106,71,442,17.36,36.62,Poor
Sandy,6.93,1.65,0.57,269,85,448,20.16,17.78,Moderate
Loamy,5.9,0.66,0.7,162,21,151,37.53,13.67,Moderate
Sandy,7.25,1.16,0.6,249,18,313,15.58,38.27,Moderate
Loamy,7.72,1.93,0.67,246,13,446,11.54,23.83,Moderate
Loamy,5.73,0.43,0.76,267,66,412,23.79,19.34,Good
Loamy,6.36,0.84,1.13,248,25,78,24.57,24.71,Good
Loamy,5.05,0.84,1.18,368,80,144,25.78,33.18,Good
Loamy,5.32,1.19,0.94,308,41,363,38.94,15.05,Good
Clay,7.57,2.45,1.22,176,15,453,13.43,33.02,Excellent
Sandy,5.32,0.36,0.42,446,24,468,34.64,32.48,Poor
Clay,6.86,1.39,0.43,95,39,100,21.83,26.18,Poor
Loamy,7.69,0.61,0.56,358,57,346,20.85,35.98,Moderate
Sandy,4.98,2.43,1.08,214,51,393,42.64,13.96,Good
Loamy,7.05,0.46,0.62,105,79,432,18.7,27.86,Poor
Sandy,5.65,1.13,0.72,431,56,243,32.49,23.48,Moderate
Clay,8.83,1.9,0.9,91,12,297,19.63,22.67,Poor
Sandy,6.68,1.82,1.52,151,8,525,27.75,17.58,Excellent
Sandy,8.13,1.17,0.32,212,31,556,37.52,21.17,Poor
Sandy,6.98,1.0,1.27,185,48,485,40.86,13.24,Excellent
Sandy,4.7,1.11,1.3,299,44,219,39.35,17.55,Excellent
Sandy,7.35,0.81,1.5,256,51,381,30.38,18.16,Excellent
Loamy,8.78,0.67,1.7,361,48,172,18.71,31.62,Excellent
Sandy,7.21,1.31,0.33,212,52,482,33.14,11.46,Poor
Sandy,8.19,0.82,0.53,101,89,292,34.85,29.54,Poor
Clay,8.48,0.86,1.63,348,56,304,10.37,16.64,Excellent
Sandy,5.53,1.71,0.99,240,88,132,25.37,12.46,Good
Clay,5.45,2.43,1.15,186,72,450,39.51,19.02,Good
Loamy,7.25,1.59,1.29,358,15,177,27.14,16.73,Excellent
Sandy,6.35,0.38,1.32,432,81,247,20.9,26.56,Excellent
Clay,8.28,0.37,1.7,314,77,346,40.51,20.72,Excellent
Clay,8.55,2.39,1.8,97,8,305,15.46,38.98,Poor
Loamy,6.09,0.88,1.38,321,80,357,17.23,38.91,Excellent
Sandy,5.57,0.41,0.73,196,77,152,34.06,23.31,Moderate
Sandy,8.01,1.58,1.62,365,81,417,22.34,33.85,Excellent
Clay,5.74,1.63,0.37,361,52,493,34.96,10.4,Poor
Sandy,8.2,1.69,0.65,223,30,230,15.52,26.43,Moderate
Clay,6.41,0.82,1.65,284,81,479,18.83,32.3,Excellent
Sandy,7.5,0.23,0.68,118,43,226,15.48,16.51,Poor
Clay,4.93,2.42,0.63,233,62,406,43.35,11.84,Moderate
Sandy,7.31,0.78,0.51,255,23,128,24.19,14.68,Moderate
Loamy,6.53,1.75,1.59,320,87,226,21.8,23.26,Excellent
Sandy,7.14,1.83,1.05,448,81,171,10.5,25.19,Good
Sandy,5.26,1.6,1.31,213,81,599,15.37,21.43,Excellent
Loamy,7.82,0.92,0.66,125,62,415,24.74,23.2,Poor
Sandy,8.38,0.82,1.44,129,32,138,12.4,24.11,Poor
Loamy,5.48,1.57,1.44,245,70,73,27.88,33.08,Excellent
Sandy,4.93,2.19,0.77,185,14,210,25.93,13.16,Good
Clay,4.61,2.38,0.92,295,81,405,36.85,33.07,Good
Clay,7.39,0.44,0.61,225,62,98,33.09,30.66,Moderate
Sandy,7.23,0.56,1.76,151,77,220,25.61,32.25,Excellent
Sandy,6.96,2.37,1.27,409,18,58,17.86,32.03,Excellent
Sandy,5.54,1.89,1.7,352,88,265,35.44,24.12,Excellent
Clay,6.26,2.23,0.76,326,19,512,34.78,16.34,Good
Sandy,7.18,0.67,1.47,265,37,134,15.37,26.1,Excellent
Clay,6.74,1.55,1.45,149,21,336,42.02,38.74,Poor
Loamy,8.95,1.81,1.34,229,28,214,12.25,27.66,Excellent
Clay,5.11,1.76,1.75,325,34,261,11.93,10.33,Excellent
Clay,7.63,1.14,0.89,341,66,93,16.56,11.79,Good
Loamy,6.32,0.24,0.5,105,17,442,41.83,39.79,Poor
Clay,6.43,1.54,1.31,219,66,357,28.2,12.16,Excellent
Sandy,7.73,0.78,1.39,178,51,388,37.58,11.38,Excellent
Sandy,7.62,1.24,1.16,357,20,482,17.97,20.59,Good
Clay,8.96,2.4,0.61,130,70,579,27.16,39.08,Poor
Sandy,5.08,1.12,1.06,230,85,321,22.54,19.56,Good
Clay,4.97,2.13,0.77,183,47,399,38.97,22.3,Good
Sandy,7.76,0.63,0.94,168,12,47,10.79,29.02,Good
Sandy,7.1,1.75,1.27,220,7,530,18.53,10.72,Excellent
Clay,5.73,2.45,1.42,292,16,380,15.34,36.93,Excellent
Sandy,4.86,0.43,0.65,312,88,511,40.07,25.58,Moderate
Clay,4.89,0.22,0.91,262,20,288,26.36,24.0,Good
Sandy,8.52,1.2,0.7,330,82,274,24.15,35.82,Moderate
Sandy,5.36,0.41,0.6,88,84,122,25.73,38.59,Poor
Loamy,5.96,1.92,1.48,158,63,132,44.02,22.7,Excellent
Loamy,5.52,2.3,1.66,131,53,433,39.76,15.17,Poor
Clay,6.1,1.2,0.86,348,67,307,34.72,34.47,Good
Loamy,4.81,0.8,1.43,305,66,456,20.17,22.1,Excellent
Clay,6.84,1.2,1.65,130,53,568,15.78,38.07,Poor
Loamy,4.8,1.86,1.57,265,55,292,42.25,38.5,Excellent
Sandy,8.1,0.22,0.57,113,37,161,24.81,13.44,Poor
Clay,5.55,1.56,1.73,370,34,49,19.76,38.7,Excellent
Clay,6.93,1.61,0.87,309,63,355,26.48,21.05,Good
Sandy,8.46,1.67,0.81,210,80,312,42.12,29.39,Good
Clay,7.43,0.76,0.39,199,19,345,23.55,11.04,Poor
Clay,6.9,1.84,1.03,405,86,249,29.69,36.67,Good
Loamy,5.96,0.41,0.46,326,27,503,38.1,29.25,Poor
Clay,6.0,0.66,0.67,271,82,455,24.95,29.31,Moderate
Sandy,7.51,2.22,0.78,402,49,255,18.17,37.07,Good
Loamy,8.97,1.9,1.51,289,66,119,44.81,25.25,Excellent
Loamy,7.48,0.23,1.61,182,83,519,43.48,22.32,Excellent
Sandy,7.01,0.77,0.75,408,75,586,39.52,35.98,Good
Sandy,7.79,0.69,1.59,212,19,57,34.09,32.27,Excellent
Loamy,6.59,0.82,1.59,402,50,204,20.32,38.47,Excellent
Clay,4.77,0.77,1.45,218,68,564,41.97,38.2,Excellent
Loamy,7.03,0.34,0.52,200,50,241,19.64,21.47,Moderate
Sandy,8.81,1.26,1.34,173,60,385,38.03,23.41,Excellent
Loamy,5.29,1.89,1.72,208,48,405,42.14,17.68,Excellent
Sandy,7.61,1.6,1.32,170,79,487,31.11,29.82,Excellent
Loamy,5.4,1.75,0.8,171,33,552,38.11,20.94,Good
Clay,6.91,0.39,1.05,142,66,358,37.71,33.58,Poor
Loamy,4.94,2.39,1.27,108,56,256,16.76,13.65,Poor
Loamy,6.53,2.13,1.07,289,58,73,33.38,13.49,Good
Sandy,7.9,2.05,0.48,91,61,305,13.27,16.13,Poor
Sandy,6.06,2.09,0.77,412,87,119,27.77,12.53,Good
Sandy,7.49,2.35,1.5,376,70,452,15.68,28.6,Excellent
Loamy,8.08,1.45,1.59,209,26,291,24.57,14.42,Excellent
Clay,8.67,0.66,0.51,372,24,51,39.15,14.8,Moderate
Sandy,5.56,1.62,1.73,252,37,440,44.55,10.43,Excellent
Sandy,6.3,1.91,0.79,287,76,321,21.13,33.46,Good
Loamy,5.19,1.9,1.29,103,29,151,28.62,34.37,Poor
Sandy,8.97,1.4,1.43,178,50,417,27.9,14.86,Excellent
Clay,8.67,0.36,1.52,435,77,307,43.4,32.19,Excellent
Clay,6.93,1.05,1.72,218,61,337,26.75,23.01,Excellent
Sandy,8.29,2.32,0.77,393,9,356,34.47,17.19,Good
Sandy,6.84,1.54,1.59,253,59,548,42.26,28.64,Excellent
Loamy,7.31,1.44,0.5,108,65,585,23.07,15.35,Poor
Clay,4.9,0.82,1.36,222,12,404,41.57,32.71,Excellent
Clay,7.9,1.05,1.41,395,20,586,42.11,11.43,Excellent
Sandy,5.07,2.26,1.32,430,52,310,42.57,38.77,Excellent
Loamy,8.22,1.73,0.68,121,65,513,19.47,12.16,Poor
Clay,8.02,2.01,1.61,378,19,576,24.01,27.38,Excellent
Clay,7.69,1.24,0.55,287,69,273,40.46,37.07,Moderate
Loamy,4.66,1.65,0.38,409,26,98,22.57,10.36,Poor
Loamy,5.86,0.77,1.38,271,7,290,31.01,24.96,Excellent
Clay,5.68,1.82,1.01,239,58,125,14.13,20.5,Good
Clay,6.12,1.18,1.57,143,18,429,11.97,27.41,Poor
Loamy,4.89,1.22,0.88,322,40,219,24.42,16.76,Good
Clay,8.72,1.69,0.55,337,86,188,30.26,11.95,Moderate
Sandy,6.99,2.35,1.55,231,86,160,23.74,28.78,Excellent
Sandy,5.87,0.35,1.12,294,71,295,30.22,22.51,Good
Loamy,6.29,2.1,0.58,401,14,348,28.03,28.67,Moderate
Loamy,6.51,0.87,1.38,245,53,98,34.0,16.32,Excellent
Loamy,7.2,1.22,1.07,110,69,108,32.73,20.16,Poor
Sandy,6.82,0.25,1.21,311,61,485,24.85,26.85,Excellent
Clay,8.64,0.89,0.99,361,31,427,24.87,27.79,Good
Sandy,6.74,1.36,1.54,108,79,125,14.93,21.17,Poor
Clay,8.96,0.33,1.54,274,9,266,27.96,18.4,Excellent
Sandy,8.33,1.33,1.36,413,75,223,30.55,18.21,Excellent
Clay,5.44,2.33,0.46,335,87,361,26.68,15.24,Poor
Sandy,8.69,0.44,1.56,360,61,357,21.4,19.76,Excellent
Loamy,5.02,1.96,1.31,383,19,438,35.26,15.98,Excellent
Sandy,8.18,1.14,1.35,400,80,332,12.61,29.01,Excellent
Clay,6.21,1.71,0.84,402,34,332,42.01,27.07,Good
Sandy,8.45,0.8,1.62,425,24,524,10.72,21.48,Excellent
Sandy,8.41,0.57,1.39,373,41,486,43.68,19.77,Excellent
Sandy,8.13,0.57,0.47,166,7,451,26.18,17.13,Poor
Loamy,8.06,0.36,0.91,228,77,547,24.44,26.06,Good
Sandy,5.87,0.63,1.63,328,45,283,18.98,37.57,Excellent
Loamy,4.86,1.73,0.37,400,43,459,10.35,30.57,Poor
Loamy,6.31,2.23,1.74,362,30,193,19.62,32.33,Excellent
Sandy,5.28,2.07,1.32,441,6,463,13.83,35.03,Excellent
Sandy,7.63,1.78,1.25,277,27,312,33.09,20.55,Excellent
Sandy,6.06,0.45,0.71,123,27,559,21.17,11.89,Poor
Clay,8.89,0.87,0.67,435,89,167,36.85,28.68,Moderate
Sandy,7.38,0.91,1.71,107,20,412,17.24,15.66,Poor
Loamy,8.2,0.77,0.75,96,13,198,41.51,27.07,Poor
Sandy,5.1,1.38,1.46,206,17,215,28.3,32.19,Excellent
Clay,8.38,1.43,0.89,247,32,250,14.01,33.51,Good
Sandy,8.65,1.02,0.51,323,31,486,24.03,19.06,Moderate
Clay,6.69,1.01,0.32,155,55,206,17.24,25.37,Poor
Clay,7.23,2.11,1.12,310,68,499,16.99,28.63,Good
Sandy,7.94,2.02,1.76,283,56,396,27.72,34.58,Excellent
Loamy,5.29,0.91,0.85,327,85,343,33.52,32.84,Good
Clay,6.76,2.3,0.84,381,42,272,41.91,39.64,Good
Sandy,6.29,2.39,0.82,293,69,366,27.58,10.24,Good
Sandy,5.16,0.95,1.08,294,22,221,43.8,23.12,Good
Loamy,6.15,1.02,0.96,237,67,373,42.96,17.68,Good
Clay,4.81,1.36,1.62,148,55,68,40.28,13.6,Poor
Clay,4.62,2.36,1.06,164,13,132,27.5,37.35,Good
Sandy,5.11,2.22,1.06,346,17,369,14.93,39.94,Good
Sandy,8.83,0.44,0.51,148,44,223,17.63,15.42,Poor
Loamy,6.97,1.1,1.77,178,59,134,32.67,11.15,Excellent
Loamy,8.85,1.47,0.67,426,83,392,24.76,18.25,Moderate
Clay,6.45,1.36,0.41,295,47,304,15.14,35.05,Poor
Clay,5.9,0.65,1.29,240,48,58,26.76,18.82,Excellent
Sandy,6.78,2.18,1.19,173,72,538,10.61,11.71,Good
Clay,6.48,1.76,0.92,253,37,178,35.69,11.57,Good
Loamy,4.98,2.13,0.93,244,28,564,12.58,22.82,Good
Loamy,7.38,2.18,1.48,194,40,294,32.02,37.95,Excellent
Sandy,5.47,1.92,0.59,299,14,124,37.76,18.58,Moderate
Loamy,7.29,1.21,1.53,110,24,497,14.64,22.81,Poor
Loamy,7.43,1.6,1.27,90,79,571,28.15,13.06,Poor
Loamy,5.18,0.57,0.93,422,16,131,37.27,24.81,Good
Loamy,4.78,1.75,0.99,209,66,108,19.12,30.9,Good
Sandy,8.01,0.61,0.68,184,22,76,15.7,18.13,Moderate
Sandy,6.57,1.8,1.43,106,67,179,21.79,18.9,Poor
Clay,4.76,0.73,1.07,306,88,217,29.41,35.26,Good
Loamy,8.98,0.47,0.78,81,29,176,30.13,10.31,Poor
Clay,4.76,0.58,1.19,438,16,229,14.58,29.09,Good
Sandy,7.63,0.2,1.79,180,25,381,26.01,21.82,Excellent
Sandy,8.93,1.85,0.95,100,29,598,19.39,18.95,Poor
Sandy,5.58,1.88,1.68,137,15,44,39.47,29.73,Poor
Sandy,5.14,1.38,0.82,259,68,296,20.98,35.04,Good
Sandy,5.05,0.57,0.38,420,77,282,39.35,26.75,Poor
Sandy,5.86,0.39,0.61,428,54,454,25.0,10.93,Moderate
Sandy,4.95,0.24,0.93,99,66,382,35.43,23.84,Poor
Loamy,7.61,0.58,0.63,334,53,418,27.85,23.88,Moderate
Clay,4.78,2.25,0.3,396,18,185,31.77,26.31,Poor
Sandy,6.79,0.76,1.67,117,5,362,23.84,30.13,Poor
Loamy,8.99,1.01,1.57,227,85,161,36.89,10.58,Excellent
Loamy,8.16,0.44,1.41,104,29,291,24.88,25.06,Poor
Clay,7.27,0.71,0.55,200,63,350,26.01,27.65,Moderate
Sandy,5.88,1.39,0.48,105,76,514,28.12,20.3,Poor
Clay,7.31,1.6,0.4,248,73,531,39.11,30.05,Poor
Sandy,6.87,0.76,1.39,402,9,386,33.08,16.85,Excellent
Loamy,6.42,0.33,1.69,304,23,526,22.22,19.52,Excellent
Loamy,5.09,1.1,0.95,80,27,512,33.46,38.88,Poor
Loamy,8.49,0.74,0.48,386,13,421,32.48,20.44,Poor
Loamy,6.52,0.7,1.07,340,54,319,42.59,20.4,Good
Clay,5.38,2.41,0.82,92,20,111,39.45,27.87,Poor
Sandy,6.15,1.62,0.86,127,37,560,32.66,39.13,Poor
Sandy,6.36,1.48,1.23,392,6,405,21.95,39.49,Excellent
Clay,8.22,1.16,1.38,370,18,133,37.29,27.39,Excellent
Sandy,7.8,1.19,0.47,411,5,412,30.13,10.03,Poor
Loamy,7.96,1.44,0.35,173,62,378,44.48,37.02,Poor
Sandy,4.55,1.8,1.79,340,20,476,18.66,27.11,Excellent
Loamy,6.37,1.81,0.65,357,83,375,12.79,20.98,Moderate
Clay,6.67,0.59,0.38,438,51,531,12.45,34.88,Poor
Sandy,4.59,1.35,0.58,284,48,79,32.4,21.99,Moderate
Clay,5.67,1.15,0.36,264,84,398,42.87,11.02,Poor
Sandy,7.92,2.2,0.89,254,18,293,10.07,34.63,Good
Loamy,5.12,1.65,1.5,388,28,437,35.4,26.38,Excellent
Clay,6.91,1.42,0.81,148,59,209,33.0,20.14,Poor
Sandy,5.47,0.47,0.97,183,19,550,35.63,17.53,Good
Loamy,4.55,1.59,1.31,325,87,299,22.44,27.81,Excellent
Clay,5.59,0.47,1.06,240,76,498,38.72,16.24,Good
Clay,8.89,0.98,1.59,279,38,568,11.56,19.72,Excellent
Sandy,8.11,0.53,1.6,295,6,380,36.44,29.1,Excellent
Sandy,8.82,1.79,0.31,291,31,96,19.35,36.45,Poor
Sandy,6.7,0.67,1.47,95,78,257,26.69,25.99,Poor
Loamy,4.99,1.1,0.99,411,76,503,38.79,32.77,Good
Sandy,6.97,2.26,1.78,284,27,286,19.5,32.89,Excellent
Clay,6.54,0.67,1.02,444,72,412,16.48,29.93,Good
Clay,8.3,1.37,1.78,118,18,456,33.85,17.38,Poor
Sandy,4.94,1.16,1.43,168,67,70,28.67,36.0,Excellent
Sandy,6.7,0.24,0.67,335,69,407,28.0,23.09,Moderate
Clay,5.18,2.02,1.11,333,72,598,18.99,11.33,Good
Loamy,5.96,0.36,1.79,295,67,147,11.22,17.34,Excellent
Sandy,7.82,1.29,1.59,447,85,457,24.36,32.97,Excellent
Sandy,6.64,1.49,0.45,382,68,437,13.73,12.07,Poor
Clay,6.19,1.65,1.36,251,36,311,41.71,14.42,Excellent
Sandy,6.28,1.78,0.82,216,83,155,11.44,30.83,Good
Loamy,6.57,0.78,0.31,257,17,295,25.11,36.78,Poor
Clay,8.03,0.22,0.91,156,70,120,11.83,29.01,Good
Sandy,8.51,1.86,0.65,267,23,167,13.34,16.67,Moderate
Clay,8.8,1.43,1.53,94,28,274,33.06,11.6,Poor
Sandy,8.04,2.12,0.81,371,15,592,32.65,28.45,Good
Sandy,5.92,2.09,1.54,398,63,220,11.16,11.42,Excellent
Sandy,7.6,2.14,0.3,404,19,196,10.04,28.38,Poor
Loamy,6.47,1.32,0.76,293,14,493,12.76,16.77,Good
Loamy,5.65,0.97,0.66,287,45,63,36.7,37.14,Moderate
Clay,8.28,2.02,0.65,248,31,512,30.46,24.25,Moderate
Sandy,4.67,1.24,0.4,409,64,439,11.33,16.72,Poor
Sandy,8.56,0.62,0.58,359,77,173,27.08,35.59,Moderate
Loamy,6.58,2.17,1.13,384,56,460,34.92,17.62,Good
Sandy,7.37,2.23,0.74,225,32,252,40.41,19.2,Moderate
Loamy,7.47,1.27,0.93,342,69,521,42.69,35.03,Good
Sandy,8.53,0.37,0.87,83,21,387,21.46,19.26,Poor
Clay,7.37,1.09,1.61,169,48,205,14.75,22.3,Excellent
Sandy,7.26,2.05,1.66,139,14,387,18.29,20.43,Poor
Sandy,4.8,2.27,1.04,390,67,437,37.17,13.49,Good
Loamy,6.83,0.67,0.8,95,86,474,44.0,11.17,Poor
Sandy,5.18,0.35,0.46,306,51,260,26.32,31.74,Poor
Sandy,7.82,2.22,1.73,108,42,347,20.69,29.35,Poor
Loamy,6.8,1.1,0.39,230,74,505,25.02,18.47,Poor
Clay,7.56,1.45,0.75,324,80,138,20.67,18.87,Good
Clay,4.69,2.43,0.75,349,57,281,18.98,38.35,Good
Loamy,4.88,0.35,0.78,158,82,197,30.78,39.63,Good
Loamy,7.72,1.69,0.55,368,48,593,10.55,24.2,Moderate
Loamy,4.82,0.37,1.47,232,78,266,19.08,34.07,Excellent
Loamy,4.82,1.06,0.48,356,58,462,33.15,32.1,Poor
Loamy,4.55,2.05,1.25,358,24,111,11.12,18.92,Excellent
Clay,8.8,1.2,0.49,136,83,282,12.91,11.76,Poor
Clay,7.82,2.49,0.41,265,35,569,20.27,14.28,Poor
Loamy,6.09,1.49,1.66,172,11,84,40.72,35.15,Excellent
Sandy,5.83,0.94,0.59,355,62,511,36.77,31.94,Moderate
Loamy,6.07,0.71,1.53,237,14,410,10.78,29.93,Excellent
Sandy,7.99,1.01,1.12,354,14,131,27.56,13.92,Good
Loamy,7.48,1.06,0.42,260,43,61,19.61,29.2,Poor
Loamy,5.33,0.36,1.73,438,32,211,32.7,33.16,Excellent
Clay,5.28,1.05,0.67,156,34,231,35.25,35.82,Moderate
Sandy,4.94,1.27,1.59,230,41,116,40.2,10.4,Excellent
Sandy,7.47,1.86,0.55,317,71,320,26.64,30.53,Moderate
Clay,7.94,1.71,1.58,368,47,403,44.81,10.57,Excellent
Clay,5.69,1.83,0.32,310,83,218,44.3,31.21,Poor
Clay,4.59,0.22,1.07,97,89,277,40.88,29.07,Poor
Clay,4.87,0.7,1.45,152,56,174,30.12,14.45,Excellent
Sandy,8.86,1.72,1.7,268,60,319,23.93,32.98,Excellent
Sandy,5.83,1.31,1.66,96,80,58,22.75,12.05,Poor
Loamy,7.96,0.21,1.53,98,72,410,10.42,34.79,Poor
Loamy,7.31,2.05,1.63,298,13,151,18.72,17.86,Excellent
Clay,6.22,1.98,0.6,405,27,260,35.16,30.67,Moderate
Clay,5.43,1.46,0.73,199,67,343,31.13,37.71,Moderate
Clay,5.05,0.35,0.73,180,65,364,42.07,20.19,Moderate
Loamy,7.27,1.96,0.87,113,44,476,11.75,25.09,Poor
Loamy,7.99,1.54,0.89,163,48,477,15.43,23.89,Good
Loamy,7.4,2.0,1.12,275,28,209,37.62,14.73,Good
Loamy,6.89,1.93,0.54,409,55,414,22.55,27.71,Moderate
Loamy,4.69,2.05,1.34,281,62,596,14.14,32.29,Excellent
Loamy,8.86,1.39,0.55,423,37,420,44.88,37.51,Moderate
Loamy,8.09,0.52,0.77,420,20,53,37.55,35.52,Good
Clay,5.82,1.74,1.06,90,26,539,24.31,25.3,Poor
Clay,8.91,1.63,1.49,426,61,430,38.82,31.57,Excellent
Clay,7.21,1.91,1.41,297,66,588,33.82,34.02,Excellent
Clay,7.12,0.59,1.27,332,86,569,37.65,24.8,Excellent
Loamy,7.87,0.65,0.53,301,75,531,38.53,13.46,Moderate
Sandy,8.15,2.25,1.12,448,76,589,12.97,23.14,Good
Loamy,7.45,1.92,0.43,159,74,424,31.8,35.27,Poor
Sandy,5.08,2.29,0.87,86,34,235,10.24,27.9,Poor
Clay,6.02,1.95,0.92,351,27,339,11.52,31.73,Good
Loamy,8.68,1.57,0.36,306,36,586,41.64,15.56,Poor
Clay,5.51,1.7,0.71,95,61,347,28.46,38.93,Poor
Loamy,6.17,2.24,1.73,91,13,291,35.76,22.12,Poor
Clay,6.44,1.53,1.73,370,35,47,39.35,29.61,Excellent
Sandy,6.48,1.65,0.83,320,75,247,43.24,10.57,Good
Sandy,7.26,0.56,0.36,100,13,170,40.43,13.82,Poor
Sandy,8.74,1.29,0.57,257,17,65,26.92,33.46,Moderate
Loamy,5.58,1.85,0.89,307,62,493,21.76,39.04,Good
Sandy,5.05,0.82,1.72,352,7,225,15.41,19.6,Excellent
Loamy,5.39,0.67,0.51,367,39,523,24.01,11.12,Moderate
Sandy,8.49,0.92,1.45,376,25,90,22.83,20.83,Excellent
Sandy,7.41,0.76,0.46,213,68,44,29.59,10.52,Poor
Loamy,5.79,0.69,1.77,362,56,199,33.29,15.77,Excellent
Loamy,8.17,1.18,0.87,232,38,247,44.24,32.57,Good
Sandy,8.38,2.29,1.46,145,39,296,35.49,38.11,Poor
Loamy,8.31,1.37,0.81,216,19,244,32.53,12.62,Good
Sandy,8.64,0.63,1.24,171,10,50,21.73,26.74,Excellent
Loamy,5.64,0.38,0.59,396,89,47,11.21,17.62,Moderate
Clay,7.9,1.8,0.52,338,36,448,20.08,14.17,Moderate
Clay,6.57,1.08,1.71,182,56,71,36.9,16.57,Excellent
Clay,8.29,2.09,1.68,134,87,579,17.18,27.33,Poor
Clay,7.78,1.72,1.63,336,32,426,34.93,11.95,Excellent
Clay,7.99,2.03,1.24,180,89,267,30.29,23.03,Excellent
Sandy,7.45,0.83,1.51,277,68,514,16.01,14.06,Excellent
Clay,5.3,1.79,0.4,380,83,246,19.16,18.18,Poor
Clay,6.95,0.81,0.8,305,82,357,27.37,15.72,Good
Clay,8.93,2.36,0.77,316,23,596,24.64,36.49,Good
Clay,8.72,1.66,1.25,105,19,387,37.25,31.24,Poor
Loamy,4.69,0.95,0.83,200,10,273,35.7,36.05,Good
Sandy,5.24,0.82,0.52,261,77,83,30.11,21.5,Moderate
Clay,5.09,0.64,1.19,278,88,181,38.78,19.4,Good
Clay,7.77,1.8,1.52,381,42,215,29.69,21.42,Excellent
Clay,8.18,0.7,0.87,334,30,488,43.75,10.56,Good
Sandy,5.46,1.57,0.5,201,86,121,17.6,31.74,Moderate
Loamy,6.78,0.81,0.6,110,55,174,34.99,20.49,Poor
Sandy,8.28,1.72,0.66,394,77,216,22.95,19.4,Moderate
Loamy,7.8,2.07,0.75,364,57,422,19.76,27.94,Good
Clay,6.94,1.99,1.26,185,60,282,16.31,23.09,Excellent
Clay,7.16,1.95,1.2,303,63,180,29.34,39.43,Good
Sandy,6.79,0.63,1.34,352,74,496,17.54,20.69,Excellent
Sandy,5.84,0.4,0.84,311,82,479,17.01,28.42,Good
Loamy,7.04,1.81,1.54,335,62,95,44.67,19.35,Excellent
Loamy,7.6,1.05,0.61,103,17,566,38.06,39.72,Poor
Sandy,8.43,1.19,1.0,188,47,458,36.19,23.35,Good
Loamy,7.36,0.27,1.5,270,80,127,37.79,29.02,Excellent
Sandy,7.93,0.8,0.57,426,55,47,43.91,13.8,Moderate
Loamy,5.22,0.28,0.46,104,23,516,30.06,31.99,Poor
Sandy,6.58,2.22,1.63,266,25,254,17.71,18.08,Excellent
Sandy,4.54,0.76,0.81,367,87,591,40.18,23.46,Good
Sandy,5.61,1.48,1.33,195,28,536,36.0,36.49,Excellent
Loamy,7.77,0.29,0.34,417,30,542,24.5,39.12,Poor
Loamy,8.96,1.73,1.34,445,49,284,26.57,22.74,Excellent
Loamy,4.95,0.94,0.77,116,32,517,24.39,35.04,Poor
Sandy,6.31,2.27,0.38,361,86,348,42.55,11.6,Poor
Loamy,8.1,2.24,1.21,216,33,270,22.02,35.43,Excellent
Loamy,5.42,0.95,0.66,306,21,422,43.72,28.89,Moderate
Sandy,7.0,2.27,0.88,399,72,194,41.86,24.66,Good
Clay,7.8,2.49,0.42,407,48,214,32.07,36.7,Poor
Sandy,7.27,2.1,0.52,261,65,154,30.29,35.36,Moderate
Loamy,5.35,2.14,0.75,441,72,429,22.95,18.91,Good
Sandy,6.1,0.77,0.43,165,78,350,10.64,33.74,Poor
Clay,8.03,1.53,1.67,132,29,339,14.47,12.98,Poor
Sandy,6.99,0.35,0.31,427,71,57,36.4,34.68,Poor
Loamy,4.52,0.42,1.03,434,6,51,26.5,30.26,Good
Clay,7.92,2.5,0.48,314,53,443,15.24,12.64,Poor
Loamy,4.66,0.95,0.76,346,74,271,19.24,30.49,Good
Clay,7.86,1.92,1.69,366,30,317,43.17,27.42,Excellent
Clay,5.41,2.06,0.54,179,76,392,22.85,27.84,Moderate
Sandy,8.81,2.17,1.75,166,31,342,41.77,18.73,Excellent
Sandy,6.16,2.49,0.61,94,22,580,20.66,17.99,Poor
Loamy,5.97,0.76,1.41,180,58,509,29.01,32.88,Excellent
Sandy,5.17,0.29,1.12,244,5,116,10.72,17.7,Good
Sandy,5.88,1.15,1.63,108,65,560,28.27,23.39,Poor
Clay,8.44,0.5,1.13,193,7,63,32.29,30.84,Good
Sandy,8.98,0.25,1.1,186,72,54,18.2,12.39,Good
Clay,6.16,1.03,0.59,443,45,564,30.26,27.84,Moderate
Clay,6.52,2.0,0.55,209,41,386,32.65,27.68,Moderate
Clay,7.75,1.5,1.67,163,55,211,34.04,30.53,Excellent
Loamy,8.49,0.92,0.79,350,19,366,37.17,21.1,Good
Loamy,7.17,1.7,0.86,323,12,524,20.9,23.47,Good
Loamy,6.26,0.73,1.44,293,42,528,29.87,19.9,Excellent
Clay,6.36,0.23,0.81,385,87,501,44.36,34.25,Good
Loamy,7.63,1.96,1.73,245,60,417,41.44,13.92,Excellent
Loamy,4.51,1.63,1.41,358,51,203,43.34,38.89,Excellent
Sandy,7.29,1.95,1.2,138,14,411,23.51,29.05,Poor
Loamy,6.1,0.29,1.62,169,82,463,37.54,36.61,Excellent
Loamy,8.07,2.13,0.37,410,53,516,31.7,22.79,Poor
Clay,4.92,1.62,0.69,273,45,421,12.9,19.97,Moderate
Clay,7.15,1.5,1.0,202,87,194,38.84,37.02,Good
Clay,6.66,1.64,0.64,215,34,296,33.7,12.97,Moderate
Clay,7.39,2.19,1.42,218,9,107,16.96,13.51,Excellent
Clay,4.79,1.55,1.68,308,75,383,12.79,18.98,Excellent
Clay,7.11,1.54,0.94,353,87,316,39.3,38.79,Good
Loamy,7.03,2.48,0.81,129,35,430,12.76,28.99,Poor
Clay,7.02,1.94,1.74,197,56,488,13.2,26.63,Excellent
Clay,7.22,1.22,0.97,281,27,298,24.96,31.16,Good
Sandy,7.54,1.83,1.03,270,52,346,14.72,22.52,Good
Loamy,8.12,1.1,0.83,443,44,134,41.98,32.74,Good
Loamy,5.71,0.73,1.66,402,10,503,26.46,21.8,Excellent
Loamy,8.21,1.57,1.15,260,42,285,29.92,34.79,Good
Clay,6.74,2.33,1.44,157,45,226,42.48,18.02,Excellent
Clay,4.85,2.34,1.52,154,31,412,28.56,18.33,Excellent
Clay,4.76,0.99,0.81,374,79,445,22.38,25.67,Good
Sandy,6.0,1.41,0.95,360,73,447,37.9,22.92,Good
Clay,8.03,0.69,1.57,100,61,164,25.5,29.44,Poor
Sandy,7.68,2.49,0.84,250,21,376,21.15,20.93,Good
Loamy,8.05,2.46,1.49,94,75,380,35.31,16.92,Poor
Clay,6.83,1.69,1.71,290,51,217,38.06,24.09,Excellent
Sandy,6.48,2.05,1.23,127,83,209,37.71,26.83,Poor
Sandy,5.16,1.84,1.41,165,17,78,44.22,14.28,Excellent
Clay,5.98,1.56,1.51,228,15,108,37.53,26.7,Excellent
Loamy,6.45,0.32,1.57,267,28,275,36.95,19.58,Excellent
Loamy,4.9,1.25,0.89,385,77,599,40.01,21.77,Good
Loamy,5.49,1.75,0.38,230,8,420,10.01,18.38,Poor
Sandy,7.19,1.76,0.9,220,50,96,22.69,37.94,Good
Sandy,7.81,1.06,1.31,148,22,316,35.82,30.5,Poor
Sandy,8.99,2.37,0.98,339,47,138,30.99,17.87,Good
Sandy,8.7,0.58,1.42,413,84,566,16.22,29.35,Excellent
Loamy,7.39,1.35,0.84,88,37,364,20.63,35.46,Poor
Clay,6.4,1.79,1.25,200,14,500,21.79,22.05,Excellent
Sandy,7.36,1.8,0.58,180,77,218,29.87,34.9,Moderate
Sandy,8.04,1.69,1.42,228,63,158,39.11,14.63,Excellent
Loamy,5.03,0.83,1.12,225,35,508,42.64,34.68,Good
Clay,6.34,0.56,0.61,432,32,588,36.25,26.21,Moderate
Clay,8.28,1.66,0.74,322,64,494,39.5,16.69,Moderate
Loamy,6.23,1.58,1.42,320,7,65,26.45,22.21,Excellent
Loamy,7.07,0.61,1.02,416,59,529,23.64,39.64,Good
Clay,7.14,1.82,0.62,122,18,47,23.74,33.51,Poor
Sandy,5.33,1.25,1.75,174,62,555,31.56,27.25,Excellent
Clay,6.13,1.74,1.37,305,19,572,14.35,13.45,Excellent
Loamy,6.01,2.13,1.74,85,6,188,30.28,22.53,Poor
Sandy,4.62,0.59,0.94,293,28,527,33.28,17.89,Good
Sandy,4.61,0.24,1.01,285,82,64,25.36,12.13,Good
Loamy,8.24,1.99,1.65,146,68,594,43.36,26.27,Poor
Loamy,5.73,1.6,1.09,179,75,464,31.29,36.68,Good
Loamy,6.83,1.81,1.36,91,28,332,17.7,30.27,Poor
Clay,5.84,2.13,0.68,316,31,224,26.77,17.49,Moderate
Clay,8.73,2.05,0.97,401,41,593,33.64,27.21,Good
Sandy,5.67,2.41,0.49,337,43,470,21.33,38.3,Poor
Loamy,6.43,1.43,0.61,416,67,356,12.79,31.69,Moderate
Sandy,8.43,1.32,0.3,214,83,437,30.42,30.68,Poor
Sandy,8.29,1.12,0.36,301,30,363,43.18,39.04,Poor
Sandy,5.34,0.55,1.77,235,69,585,26.98,33.97,Excellent
Sandy,8.11,1.52,0.66,221,8,115,41.71,14.1,Moderate
Loamy,6.56,0.84,1.29,237,33,525,39.23,20.43,Excellent
Sandy,6.67,2.32,1.56,405,5,127,15.16,38.95,Excellent
Loamy,5.1,1.54,1.13,423,54,271,34.79,24.69,Good
Loamy,4.86,1.56,0.53,341,15,46,25.24,13.35,Moderate
Clay,7.78,1.02,1.39,362,78,589,18.76,23.76,Excellent
Loamy,6.73,0.32,1.2,417,63,91,34.04,30.91,Good
Clay,6.47,0.27,1.4,423,66,435,35.99,39.93,Excellent
Loamy,7.78,1.17,1.45,308,85,260,16.3,19.72,Excellent
Loamy,7.94,0.39,1.76,359,40,467,42.01,25.42,Excellent
Loamy,5.22,1.6,1.16,437,60,182,36.29,36.39,Good
Clay,7.25,2.23,0.81,369,25,402,42.67,20.66,Good
Clay,5.11,2.23,1.27,247,17,421,21.1,13.28,Excellent
Sandy,7.88,1.72,0.4,126,13,316,42.88,38.47,Poor
Clay,7.46,0.69,1.65,282,15,310,22.9,24.65,Excellent
Clay,8.8,2.18,0.48,293,79,53,11.89,25.08,Poor
Clay,4.81,2.24,0.79,325,74,337,36.7,28.64,Good
Clay,4.76,0.65,1.52,103,5,503,34.62,10.11,Poor
Sandy,5.77,1.9,1.2,400,74,566,30.93,37.93,Good
Clay,5.68,0.86,0.89,353,81,273,27.15,20.84,Good
Loamy,5.61,2.05,1.01,123,60,66,11.13,21.91,Poor
Loamy,8.58,2.49,1.58,411,35,510,31.86,15.22,Excellent
Clay,5.62,0.27,0.81,392,41,132,24.59,21.34,Good
Clay,5.72,2.26,1.6,442,51,348,29.61,34.12,Excellent
Loamy,7.92,1.63,0.43,235,82,91,25.03,34.0,Poor
Loamy,6.52,2.44,1.47,278,51,358,43.81,38.07,Excellent
Sandy,8.0,1.27,1.57,241,73,220,31.14,22.1,Excellent
Loamy,4.79,2.15,0.57,313,62,159,36.22,31.26,Moderate
Loamy,6.69,0.34,0.95,242,40,82,42.77,25.22,Good
Clay,4.65,0.97,0.55,195,36,299,30.71,34.12,Moderate
Loamy,4.78,0.35,1.36,172,68,236,10.42,31.38,Excellent
Sandy,8.58,2.44,1.1,121,75,294,11.2,21.04,Poor
Loamy,5.13,2.08,1.25,363,46,375,34.58,20.1,Excellent
Clay,6.9,2.16,0.59,289,52,592,19.77,17.57,Moderate
Clay,6.35,2.36,0.62,285,78,541,30.28,27.3,Moderate
Loamy,6.06,0.4,0.36,299,85,294,17.08,38.92,Poor
Clay,8.55,1.09,0.78,359,34,553,19.46,16.0,Good
Sandy,4.6,0.36,1.14,215,25,281,27.66,12.86,Good
Sandy,7.49,0.68,1.59,185,64,188,44.14,13.58,Excellent
Loamy,8.84,0.73,1.3,197,17,338,31.57,33.49,Excellent
Loamy,7.02,1.28,0.95,316,5,492,42.77,20.5,Good
Loamy,8.72,0.82,1.73,388,69,432,43.58,16.73,Excellent
Clay,4.74,0.43,1.38,179,37,251,17.28,20.59,Excellent
Sandy,6.38,0.59,1.7,340,42,577,20.89,29.36,Excellent
Sandy,5.67,0.54,1.09,384,29,170,36.95,26.4,Good
Clay,7.79,2.44,0.69,433,30,368,40.34,32.31,Moderate
Sandy,8.92,1.95,0.38,365,81,295,28.17,20.17,Poor
Loamy,5.65,2.43,1.39,407,63,518,44.76,23.56,Excellent
Loamy,7.44,1.21,0.48,182,37,102,10.41,13.06,Poor
Loamy,5.39,0.84,0.75,142,45,350,20.49,12.19,Poor
Sandy,7.04,2.04,1.1,254,34,446,31.81,23.87,Good
Loamy,6.59,0.95,1.15,361,61,144,26.43,19.05,Good
Clay,8.87,0.89,1.2,372,53,54,14.08,28.38,Good
Clay,7.24,0.73,0.55,305,52,298,22.87,11.29,Moderate
Sandy,6.07,0.5,0.87,86,76,451,10.89,13.65,Poor
Clay,5.01,0.79,1.23,206,53,298,32.5,35.96,Excellent
Clay,5.18,1.02,1.75,171,51,299,41.25,26.99,Excellent
Sandy,5.51,1.75,1.39,269,60,84,40.97,31.36,Excellent
Loamy,5.63,0.34,1.68,438,69,370,34.48,35.26,Excellent
Loamy,8.33,0.68,1.44,132,16,204,26.3,23.92,Poor
Loamy,7.03,2.06,1.19,321,73,232,27.92,32.83,Good
Sandy,6.86,0.54,0.59,211,10,560,14.79,25.74,Moderate
Clay,5.02,0.99,1.3,443,69,440,21.94,16.68,Excellent
Loamy,8.37,2.19,1.24,191,29,413,16.57,20.13,Excellent
Loamy,7.75,0.56,1.2,86,5,104,38.74,24.71,Poor
Sandy,4.8,0.39,1.03,309,36,426,42.02,19.51,Good
Loamy,7.69,1.31,1.09,235,7,534,28.79,20.07,Good
Sandy,6.95,0.9,0.8,276,53,454,35.47,20.12,Good
Clay,4.87,1.5,1.08,402,23,69,14.25,13.69,Good
Sandy,6.56,2.05,0.6,443,64,305,31.3,12.54,Moderate
Sandy,6.68,0.52,1.51,302,33,367,34.6,11.39,Excellent
Sandy,5.25,1.54,0.58,446,54,531,25.85,13.33,Moderate
Sandy,8.76,1.36,0.43,329,6,256,18.51,20.31,Poor
Clay,8.32,0.53,0.95,162,77,359,40.71,27.82,Good
Clay,7.51,1.64,1.29,319,60,438,36.0,15.64,Excellent
Loamy,6.58,0.83,0.96,439,21,144,41.5,36.64,Good
Clay,6.35,1.32,0.72,402,64,369,38.64,34.25,Moderate
Clay,7.43,0.39,1.14,342,40,86,44.66,25.62,Good
Loamy,6.95,1.26,0.82,268,65,353,16.73,31.73,Good
Clay,4.78,0.9,1.7,445,21,186,13.04,20.99,Excellent
Sandy,6.81,2.09,1.68,369,53,501,21.8,11.1,Excellent
Sandy,8.13,0.33,1.05,441,80,525,14.52,37.13,Good
Loamy,6.57,1.16,0.79,137,64,449,28.31,13.83,Poor
Loamy,4.73,1.25,1.41,88,24,66,32.16,38.44,Poor
Loamy,8.04,1.87,0.36,383,54,68,30.24,27.16,Poor
Sandy,5.41,1.52,1.01,194,7,310,19.07,19.17,Good
Clay,5.66,1.73,0.8,289,47,540,41.81,24.87,Good
Sandy,5.24,1.99,1.68,120,61,292,10.74,25.05,Poor
Loamy,5.99,2.18,0.32,383,54,424,22.18,10.7,Poor
Clay,7.91,0.92,1.13,252,72,99,35.16,20.66,Good
Clay,6.84,1.44,1.41,313,85,146,36.84,32.2,Excellent
Sandy,5.42,2.13,1.03,360,54,259,24.56,25.3,Good
Loamy,8.45,2.48,0.43,157,41,480,10.59,17.33,Poor
Sandy,8.46,2.25,1.76,187,50,585,31.63,20.05,Excellent
Clay,8.42,1.05,1.08,360,46,135,12.21,35.89,Good
Sandy,5.57,0.65,1.22,118,19,128,13.77,25.77,Poor
Sandy,6.53,1.33,0.65,198,37,270,32.76,25.85,Moderate
Loamy,8.93,1.91,1.03,414,84,314,20.94,38.84,Good
Loamy,7.97,1.33,0.94,415,15,285,22.18,19.63,Good
Clay,4.62,1.31,0.41,106,24,150,27.04,24.39,Poor
Sandy,4.79,2.13,0.46,183,28,273,44.25,34.35,Poor
Sandy,6.59,1.03,1.56,153,68,317,43.79,32.77,Excellent
Sandy,8.59,2.18,0.66,270,84,516,24.57,17.97,Moderate
Clay,6.92,1.14,0.59,403,69,456,19.29,14.53,Moderate
Clay,6.74,0.95,1.06,226,77,167,20.59,31.02,Good
Loamy,4.97,1.24,1.45,334,80,276,19.41,17.73,Excellent
Loamy,7.46,1.95,0.39,363,21,167,28.63,37.68,Poor
Loamy,8.2,0.49,1.17,292,65,433,31.24,13.88,Good
Sandy,6.21,0.65,0.48,202,19,514,27.11,19.55,Poor
Sandy,7.99,2.39,0.35,285,55,434,24.28,11.64,Poor
Loamy,8.84,0.6,0.38,319,31,150,17.39,31.1,Poor
Sandy,5.42,1.51,1.55,418,78,129,26.89,36.74,Excellent
Loamy,6.85,1.53,0.48,365,65,319,21.94,29.08,Poor
Clay,5.79,1.33,0.37,101,62,372,28.96,38.13,Poor
Loamy,8.07,1.68,0.96,338,35,263,33.63,13.86,Good
Clay,7.1,0.73,1.57,436,16,140,32.17,12.63,Excellent
Sandy,7.36,1.47,0.69,184,50,171,26.19,35.15,Moderate
Loamy,8.09,1.06,0.93,337,35,52,29.46,35.67,Good
Sandy,6.28,1.72,0.36,283,36,496,19.97,34.93,Poor
Clay,8.62,0.52,0.97,389,36,480,10.85,33.97,Good
Clay,6.9,1.51,1.17,341,57,137,31.88,20.87,Good
Clay,5.21,0.63,1.16,186,65,159,18.84,16.52,Good
Sandy,7.63,0.84,0.8,330,50,332,33.41,37.86,Good
Sandy,8.07,0.7,0.77,300,89,40,36.15,19.21,Good
Sandy,5.93,0.62,0.46,301,78,289,42.06,21.95,Poor
Sandy,8.36,2.1,0.85,337,84,188,43.53,30.99,Good
Clay,8.58,0.86,0.45,280,11,434,10.37,18.8,Poor
Clay,5.75,2.33,1.45,446,8,83,44.66,34.57,Excellent
Loamy,8.93,2.43,1.75,337,56,83,33.91,12.1,Excellent
Loamy,5.13,1.51,1.76,428,35,117,32.52,33.74,Excellent
Sandy,5.41,0.53,1.6,304,79,265,10.53,28.06,Excellent
Clay,5.33,1.06,1.2,281,88,201,40.14,27.19,Good
Clay,8.52,2.03,1.35,305,40,292,15.09,23.75,Excellent
Clay,7.44,1.04,0.73,315,58,171,39.31,18.31,Moderate
Loamy,5.18,0.4,1.25,262,58,487,10.54,23.92,Excellent
Loamy,6.48,1.48,0.98,279,21,513,32.61,23.5,Good
Clay,7.27,2.14,1.02,436,79,148,25.22,27.51,Good
Clay,4.88,2.03,1.44,325,34,74,17.03,18.45,Excellent
Clay,8.47,0.6,0.72,432,26,506,13.76,12.33,Moderate
Loamy,8.12,1.75,0.78,190,47,314,25.4,14.35,Good
Clay,6.77,0.71,1.69,85,31,226,14.32,30.98,Poor
Clay,8.85,0.7,0.38,315,41,282,27.03,10.67,Poor
Sandy,6.38,2.21,1.03,206,50,303,31.88,35.69,Good
Sandy,8.93,0.77,1.67,183,39,561,38.96,30.83,Excellent
Loamy,7.51,0.81,1.22,316,8,580,33.75,33.04,Excellent
Clay,7.36,0.2,1.12,234,84,126,12.28,35.08,Good
Clay,5.25,2.2,0.67,336,84,574,20.76,13.68,Moderate
Sandy,8.47,2.02,0.81,314,89,249,20.08,34.67,Good
Loamy,6.42,1.64,1.58,368,30,85,42.03,25.14,Excellent
Sandy,5.23,1.93,1.14,119,23,506,40.37,36.57,Poor
Sandy,4.56,0.55,1.07,367,85,579,22.96,36.6,Good
Sandy,7.02,1.25,0.45,276,49,65,12.49,10.73,Poor
Sandy,6.87,1.01,0.32,352,30,305,41.29,21.49,Poor
Clay,7.74,0.42,1.75,343,26,214,41.09,25.79,Excellent
Clay,8.51,1.32,0.87,136,62,555,39.92,30.35,Poor
Sandy,4.86,2.32,1.2,377,67,350,39.58,18.59,Good
Loamy,7.79,0.29,0.42,177,32,361,26.81,17.56,Poor
Loamy,5.34,0.87,1.32,216,69,174,16.21,21.44,Excellent
Loamy,8.36,0.68,1.7,166,48,94,26.71,25.03,Excellent
Loamy,8.19,0.75,1.16,321,47,582,27.31,38.53,Good
Sandy,6.93,2.29,0.49,278,41,570,27.15,32.86,Poor
Clay,7.7,1.28,1.17,389,70,195,28.86,22.88,Good
Loamy,5.91,1.27,1.45,163,21,186,19.02,11.63,Excellent
Sandy,6.62,1.95,0.91,321,44,524,22.82,15.06,Good
Loamy,8.2,0.56,1.62,360,42,59,25.2,23.68,Excellent
Loamy,6.57,1.32,1.27,402,89,308,14.59,34.41,Excellent
Sandy,6.11,1.19,1.65,331,65,372,25.94,21.42,Excellent
Clay,6.72,1.57,1.24,269,13,594,38.37,26.15,Excellent
Clay,8.23,2.5,0.5,231,81,440,38.98,36.75,Moderate
Sandy,6.01,1.97,0.76,381,79,345,24.4,37.41,Good
Clay,5.28,1.12,0.6,357,65,67,28.16,16.47,Moderate
Sandy,7.7,2.1,1.66,218,84,506,11.18,11.31,Excellent
Sandy,8.22,0.59,1.44,255,20,299,33.61,19.16,Excellent
Sandy,4.95,0.27,1.31,87,6,573,24.16,30.87,Poor
Clay,5.58,0.67,0.75,374,76,140,25.59,38.53,Good
Sandy,5.14,0.98,0.58,314,47,590,40.58,12.31,Moderate
Loamy,6.07,1.37,1.43,242,46,392,26.16,10.85,Excellent
Clay,6.53,1.61,1.01,128,81,339,10.74,36.52,Poor
Clay,7.87,2.29,0.64,381,61,335,17.96,32.44,Moderate
Clay,7.43,1.37,1.22,117,85,392,26.65,39.77,Poor
Clay,7.29,1.35,0.36,215,71,169,24.85,21.9,Poor
Loamy,6.09,0.32,0.79,389,34,195,40.11,22.48,Good
Clay,8.29,0.28,1.0,298,17,113,28.97,15.17,Good
Clay,6.62,1.47,0.52,427,23,381,34.14,13.48,Moderate
Sandy,8.91,1.21,1.78,375,11,504,26.43,27.36,Excellent
Clay,7.35,2.13,0.61,113,13,129,25.39,20.93,Poor
Loamy,5.07,0.57,0.5,431,87,494,25.62,12.41,Moderate
Loamy,7.54,0.26,0.61,158,58,371,24.38,36.61,Moderate
Loamy,5.96,1.23,1.45,315,86,387,28.85,15.95,Excellent
Loamy,7.59,0.75,0.94,352,65,272,18.77,32.46,Good
Clay,4.81,0.31,1.15,240,6,141,41.19,18.47,Good
Clay,5.29,1.87,0.33,254,54,520,21.66,34.39,Poor
Loamy,8.35,0.46,0.35,445,79,253,15.16,13.55,Poor
Loamy,5.52,1.6,0.97,387,35,147,13.38,32.68,Good
Clay,8.27,0.85,1.52,300,37,204,10.47,12.94,Excellent
Loamy,5.76,0.6,1.63,88,82,374,24.8,23.41,Poor
Sandy,7.39,1.07,0.43,368,84,125,16.57,32.02,Poor
Loamy,7.62,2.04,1.11,192,15,463,10.76,15.2,Good
Loamy,6.81,1.1,1.67,284,37,403,28.2,18.57,Excellent
Sandy,5.87,1.93,0.88,265,11,99,33.8,35.94,Good
Sandy,5.46,0.49,1.54,420,35,521,13.0,36.55,Excellent
Clay,4.65,1.98,0.5,276,52,289,26.13,11.35,Moderate
Clay,5.87,0.74,1.7,345,51,599,36.03,15.04,Excellent
Sandy,7.44,1.76,1.43,341,82,156,44.5,13.52,Excellent
Sandy,8.72,1.5,1.71,327,57,584,33.35,15.39,Excellent
Clay,8.42,2.34,1.31,194,84,83,18.57,39.11,Excellent
Loamy,7.95,1.09,0.85,200,23,548,35.08,26.55,Good
Sandy,8.05,0.35,1.71,220,85,204,30.93,24.04,Excellent
Clay,7.49,0.24,0.71,144,10,407,17.41,39.53,Poor
Loamy,5.67,2.1,0.8,355,53,331,39.79,26.71,Good
Sandy,8.58,1.41,1.35,392,77,325,24.96,29.83,Excellent
Loamy,7.52,1.98,1.45,318,54,243,43.67,19.98,Excellent
Clay,7.02,0.74,1.69,381,85,563,35.3,21.46,Excellent
Sandy,5.0,0.99,0.61,89,16,160,32.56,27.83,Poor
Loamy,6.51,0.27,1.5,448,27,227,35.49,12.09,Excellent
Sandy,6.57,2.41,1.41,312,58,52,26.73,17.68,Excellent
Loamy,8.39,1.74,0.4,274,73,239,27.68,15.9,Poor
Clay,6.96,2.35,0.88,91,63,495,39.79,10.48,Poor
Clay,6.21,0.81,0.72,256,40,487,33.83,26.11,Moderate
Sandy,8.9,1.61,0.76,256,7,110,41.4,26.83,Good
Loamy,5.0,1.76,1.77,296,62,169,41.18,21.52,Excellent
Sandy,6.4,0.93,1.26,90,59,82,44.18,18.06,Poor
Sandy,4.69,2.15,1.38,197,61,559,34.51,29.56,Excellent
Loamy,7.83,2.38,1.76,243,21,52,27.58,14.04,Excellent
Loamy,8.63,2.24,0.87,118,43,574,15.82,25.56,Poor
Loamy,5.76,1.9,1.5,132,72,341,34.69,33.04,Poor
Clay,8.36,0.84,0.95,297,59,566,20.21,14.93,Good
Sandy,5.81,0.85,1.6,285,49,154,19.9,32.6,Excellent
Sandy,8.6,2.42,0.57,391,80,499,18.34,32.82,Moderate
Clay,7.89,0.22,1.72,439,5,544,40.63,11.8,Excellent
Loamy,8.12,1.85,0.63,135,25,347,40.38,10.56,Poor
Clay,4.58,1.82,0.79,197,87,364,32.08,39.22,Good
Clay,8.83,1.63,1.43,332,25,214,26.55,15.8,Excellent
Clay,7.77,2.48,0.89,365,56,553,33.52,34.66,Good
Sandy,5.87,0.92,1.21,347,86,211,31.25,26.86,Excellent
Clay,8.23,0.98,0.97,370,47,541,24.55,17.93,Good
Sandy,5.77,0.38,1.41,412,56,373,23.29,13.9,Excellent
Sandy,8.43,1.22,0.64,259,71,323,23.4,24.9,Moderate
Sandy,5.01,0.8,0.39,437,48,514,30.62,22.22,Poor
Loamy,7.67,0.99,0.75,314,36,93,32.67,30.97,Good
Sandy,6.93,2.12,1.01,422,14,497,25.81,37.13,Good
Sandy,4.93,2.35,0.55,275,68,459,43.9,34.16,Moderate
Loamy,5.59,0.63,0.83,387,83,448,12.93,18.23,Good
Sandy,4.56,1.06,0.9,159,73,343,22.15,36.37,Good
Clay,6.61,2.34,0.39,214,72,598,24.67,35.0,Poor
Clay,5.86,0.34,1.17,101,32,261,10.59,37.87,Poor
Sandy,7.19,0.41,1.63,410,57,572,22.77,23.76,Excellent
Loamy,5.84,0.57,0.53,304,55,197,19.58,33.06,Moderate
Clay,5.85,1.57,1.2,137,57,387,27.71,27.75,Poor
Loamy,7.84,0.55,1.3,172,8,198,21.77,19.32,Excellent
Loamy,4.72,2.43,0.93,271,83,274,35.42,39.83,Good
Clay,8.56,1.23,1.35,182,21,444,27.85,11.15,Excellent
Loamy,8.34,1.35,0.92,86,71,296,14.54,14.87,Poor
Clay,7.51,0.77,1.06,207,78,597,36.25,36.78,Good
Loamy,7.17,1.28,0.31,134,51,86,13.47,11.82,Poor
Clay,8.52,1.72,1.34,310,60,252,39.37,36.6,Excellent
Sandy,5.33,1.93,1.29,441,27,518,42.6,31.46,Excellent
Clay,4.86,1.93,0.36,141,22,526,21.29,11.1,Poor
Clay,5.58,1.53,0.85,319,5,381,42.41,22.88,Good
Clay,8.08,2.28,1.77,169,39,563,37.76,32.63,Excellent
Clay,4.66,2.08,0.93,311,68,542,42.29,27.49,Good
Loamy,7.12,1.94,1.05,312,62,45,33.32,38.08,Good
Sandy,8.98,0.33,1.66,433,63,183,18.25,36.03,Excellent
Clay,8.35,0.22,1.38,412,5,300,41.31,19.98,Excellent
Loamy,6.85,0.69,1.17,371,7,271,16.45,12.54,Good
Sandy,4.79,1.73,1.5,424,71,309,17.46,38.33,Excellent
Sandy,8.24,1.15,1.6,231,41,486,19.49,25.52,Excellent
Sandy,7.2,1.13,0.99,224,87,261,20.65,12.23,Good
Sandy,5.02,2.23,1.01,209,33,91,28.01,34.5,Good
Clay,4.92,2.26,0.88,220,37,155,34.97,36.06,Good
Clay,8.59,2.29,1.75,172,65,577,42.42,29.18,Excellent
Loamy,7.51,0.92,1.35,193,8,580,13.1,23.43,Excellent
Loamy,8.23,1.79,0.42,363,18,58,43.4,29.87,Poor
Loamy,8.46,0.82,1.59,222,37,431,42.25,31.2,Excellent
Sandy,7.07,0.64,1.02,302,26,458,11.89,36.79,Good
Sandy,6.83,0.62,0.4,311,52,348,22.61,38.68,Poor
Clay,6.44,0.99,1.12,112,7,225,38.46,25.43,Poor
Sandy,5.93,1.19,0.93,355,89,300,31.41,33.95,Good
Sandy,6.46,2.11,1.62,249,27,567,37.27,38.94,Excellent
Sandy,7.98,0.48,0.61,219,72,312,35.17,14.54,Moderate
Loamy,7.21,1.89,1.54,436,25,199,27.39,10.55,Excellent
Loamy,8.52,1.42,1.14,280,47,263,11.44,36.07,Good
Clay,6.5,0.86,0.38,102,89,295,30.45,15.86,Poor
Sandy,7.23,1.33,1.76,303,30,219,11.7,11.27,Excellent
Sandy,7.34,0.89,1.07,447,45,59,31.13,14.8,Good
Clay,7.16,1.57,0.74,349,42,507,38.01,21.52,Moderate
Sandy,7.66,1.2,1.0,426,15,249,30.47,16.58,Good
Sandy,5.57,0.58,1.59,232,33,552,44.9,19.16,Excellent
Loamy,6.81,0.47,0.76,412,64,97,25.96,39.26,Good
Clay,4.97,1.46,0.59,164,71,132,36.21,31.13,Moderate
Clay,6.23,2.28,0.49,188,69,260,33.35,31.37,Poor
Clay,6.69,0.99,0.75,110,65,271,44.7,12.84,Poor
Clay,7.44,1.89,1.47,308,23,403,34.96,31.96,Excellent
Loamy,8.78,1.71,1.01,319,50,413,15.74,32.18,Good
Loamy,7.2,2.34,0.64,442,53,495,43.44,29.79,Moderate
Sandy,7.85,2.09,0.55,389,26,127,33.37,16.85,Moderate
Sandy,6.78,1.5,0.8,220,82,59,12.08,22.69,Good
Sandy,7.35,1.71,1.71,235,61,53,33.01,35.39,Excellent
Sandy,4.82,2.27,0.81,378,18,172,40.91,30.11,Good
Loamy,5.64,1.12,1.78,424,48,73,30.2,31.98,Excellent
Clay,6.13,0.95,1.03,178,20,247,22.39,27.62,Good
Loamy,6.63,0.22,0.57,126,81,238,38.73,23.49,Poor
Sandy,4.71,2.1,1.64,406,16,194,37.39,32.77,Excellent
Loamy,5.13,2.04,0.99,146,59,117,29.05,12.04,Poor
Clay,5.75,0.44,1.36,141,55,211,15.4,30.19,Poor
Clay,8.87,1.53,1.78,188,43,328,18.78,39.92,Excellent
Loamy,5.99,1.27,0.38,246,37,584,35.85,33.41,Poor
Loamy,6.67,0.47,0.45,116,37,459,38.21,18.72,Poor
Loamy,5.38,2.46,1.38,198,33,46,19.77,18.33,Excellent
Sandy,7.25,0.69,0.72,165,73,199,22.88,30.02,Moderate
Loamy,5.76,0.35,0.58,131,74,279,12.72,36.88,Poor
Loamy,5.43,1.57,0.36,170,35,462,34.97,27.34,Poor
Loamy,6.82,1.9,0.33,368,84,575,10.13,25.82,Poor
Clay,4.52,0.27,1.46,416,35,109,11.63,14.81,Excellent
Clay,4.53,1.72,0.5,377,50,255,10.15,31.46,Moderate
Sandy,5.49,1.42,1.0,283,81,143,32.59,31.07,Good
Sandy,4.67,0.44,1.21,447,56,93,24.61,39.01,Excellent
Clay,4.99,0.6,0.94,317,14,369,20.41,19.01,Good
Clay,6.02,1.51,0.34,234,78,242,41.94,32.69,Poor
Clay,8.11,0.88,1.48,319,45,327,16.75,23.02,Excellent
Loamy,7.07,2.36,0.32,215,81,84,23.63,26.75,Poor
Loamy,6.81,2.08,1.44,441,7,237,42.91,34.49,Excellent
Clay,5.82,2.46,1.64,448,63,255,24.95,16.66,Excellent
Loamy,8.69,0.8,0.95,143,56,520,29.41,20.29,Poor
Loamy,6.29,2.43,1.1,202,38,348,12.81,33.2,Good
Sandy,4.89,1.19,1.02,333,53,474,37.66,27.11,Good
Clay,7.28,1.0,0.88,193,32,371,24.8,12.77,Good
Clay,5.01,0.32,1.63,99,87,66,38.02,22.91,Poor
Loamy,6.05,0.32,1.64,95,17,205,18.88,27.6,Poor
Clay,6.78,1.79,0.8,224,73,357,24.79,37.29,Good
Sandy,8.43,1.25,1.22,287,71,313,37.53,15.65,Excellent
Sandy,6.72,0.72,1.69,98,65,422,44.09,34.18,Poor
Sandy,7.66,1.61,1.74,245,64,404,12.09,13.92,Excellent
Clay,8.97,0.78,1.06,117,75,142,38.44,17.27,Poor
Clay,5.09,1.53,0.98,260,28,542,20.52,17.3,Good
Clay,5.74,1.03,0.72,428,67,412,29.28,36.32,Moderate
Clay,6.28,2.09,1.74,184,65,284,20.15,15.97,Excellent
Clay,6.4,2.09,0.51,179,27,208,31.47,33.61,Moderate
Sandy,6.35,1.3,1.17,169,34,457,22.38,23.85,Good
Loamy,8.58,1.01,0.72,379,64,395,21.68,39.97,Moderate
Sandy,7.71,1.03,0.72,411,22,517,11.33,35.17,Moderate
Clay,7.24,2.05,0.91,158,60,164,15.14,32.19,Good
Sandy,5.89,0.95,1.8,152,57,576,42.1,36.12,Excellent
Clay,8.21,0.68,0.38,255,11,441,44.94,29.02,Poor
Clay,8.8,0.39,1.17,175,73,556,37.32,35.31,Good
Sandy,8.2,1.27,0.42,424,76,570,20.04,17.83,Poor
Clay,4.51,1.31,0.53,182,83,293,24.09,12.93,Moderate
Loamy,7.36,2.13,0.96,303,56,160,35.88,28.48,Good
Clay,4.73,0.71,1.07,85,8,71,43.9,23.04,Poor
Loamy,5.66,1.08,0.69,201,38,76,25.94,22.79,Moderate
Loamy,4.77,2.06,0.77,315,73,381,39.03,25.8,Good
Clay,7.22,2.09,0.43,195,37,52,44.13,20.84,Poor
Sandy,7.59,1.08,0.75,242,73,222,40.57,28.78,Good
Loamy,5.02,1.26,1.75,305,42,304,17.95,10.92,Excellent
Sandy,6.23,0.9,1.72,309,30,127,10.28,39.1,Excellent
Loamy,6.55,2.34,0.8,261,5,501,27.22,37.74,Good
Clay,6.16,0.47,1.16,328,8,85,28.6,38.06,Good
Clay,5.04,2.35,1.66,397,43,431,17.04,20.95,Excellent
Loamy,6.39,1.77,0.31,289,58,158,19.96,25.96,Poor
Clay,7.88,1.42,1.52,223,37,570,36.78,38.62,Excellent
Loamy,4.82,0.28,1.72,424,37,486,26.46,37.07,Excellent
Clay,4.86,1.29,0.44,175,76,85,21.11,33.71,Poor
Sandy,6.1,1.14,0.54,425,24,547,31.79,22.22,Moderate
Clay,8.74,0.57,1.74,323,20,597,32.85,26.93,Excellent
Sandy,7.51,1.71,1.11,165,25,565,36.93,33.79,Good
Clay,7.55,2.43,0.32,263,49,42,15.48,18.19,Poor
Sandy,6.13,1.49,0.69,200,86,67,35.95,28.79,Moderate
Clay,7.17,1.84,0.97,411,66,420,30.98,34.84,Good
Sandy,4.55,0.36,1.34,171,35,196,12.02,31.22,Excellent
Loamy,7.36,1.16,1.4,149,46,550,37.21,24.38,Poor
Loamy,8.61,0.47,1.79,212,16,372,23.41,27.54,Excellent
Sandy,7.26,1.61,0.73,358,69,153,21.56,39.66,Moderate
Clay,8.43,2.36,1.11,216,77,428,25.68,28.06,Good
Sandy,7.76,1.72,1.1,393,7,526,22.12,33.57,Good
Clay,5.04,0.38,0.91,266,13,289,21.84,31.8,Good
Loamy,8.56,1.02,0.55,300,55,354,38.28,31.04,Moderate
Clay,4.8,1.47,1.77,125,20,278,14.36,31.49,Poor
Loamy,6.9,1.13,1.58,357,82,273,43.97,23.63,Excellent
Clay,5.14,2.12,1.05,271,7,342,29.42,24.22,Good
Clay,4.55,2.07,1.2,87,28,373,16.4,24.04,Poor
Clay,6.4,1.61,0.64,355,77,152,14.59,11.0,Moderate
Sandy,5.83,1.06,1.12,258,17,401,30.7,17.23,Good
Sandy,6.69,0.79,1.34,413,6,136,32.15,14.64,Excellent
Loamy,7.1,0.44,1.07,118,75,55,11.86,36.59,Poor
Loamy,4.7,1.02,1.79,372,25,595,18.51,18.25,Excellent
Sandy,5.05,1.15,1.22,257,23,415,37.84,14.15,Excellent
Loamy,7.01,1.75,0.86,241,51,429,11.74,13.59,Good
Sandy,6.04,1.71,1.46,410,26,256,39.93,31.0,Excellent
Clay,7.78,0.36,0.56,183,79,438,33.04,10.18,Moderate
Loamy,7.44,1.11,0.88,240,37,299,25.2,24.14,Good
Loamy,8.31,0.62,0.82,366,36,359,22.13,13.57,Good
Sandy,7.62,0.56,0.95,202,68,235,10.67,35.49,Good
Loamy,6.43,2.1,1.47,133,89,517,38.88,38.75,Poor
Loamy,7.53,0.3,1.03,113,43,457,15.0,38.76,Poor
Clay,5.74,1.16,1.49,321,88,514,20.83,23.26,Excellent
Loamy,5.88,0.59,1.16,192,76,583,29.92,29.34,Good
Clay,8.05,2.22,0.81,397,46,270,18.61,27.99,Good
Sandy,6.51,1.48,1.51,102,13,560,27.4,20.5,Poor
Loamy,8.09,0.73,0.66,125,29,239,38.33,23.32,Poor
Clay,8.2,1.36,0.64,391,6,60,26.47,11.93,Moderate
Sandy,8.36,1.88,1.06,214,23,350,43.21,33.87,Good
Loamy,8.62,2.4,0.69,197,24,473,39.66,17.22,Moderate
Sandy,6.44,0.71,0.31,268,74,410,21.66,23.82,Poor
Loamy,5.93,2.24,1.27,210,21,599,24.0,24.42,Excellent
Sandy,7.12,2.35,1.07,291,72,117,24.82,26.82,Good
Sandy,6.17,2.31,0.97,192,88,581,31.92,34.54,Good
Clay,7.2,1.66,1.75,123,7,324,20.04,30.76,Poor
Sandy,7.68,1.65,1.16,207,55,179,43.92,29.89,Good
Loamy,7.6,1.13,1.6,443,86,592,31.3,25.8,Excellent
Loamy,6.19,1.93,0.51,237,30,321,23.98,12.88,Moderate
Clay,5.25,1.42,1.15,352,60,297,32.58,22.06,Good
Loamy,6.44,1.76,1.6,394,68,399,23.84,38.72,Excellent
Loamy,5.14,1.19,1.17,434,12,479,38.62,39.87,Good
Loamy,8.51,1.88,1.38,419,85,309,29.87,31.91,Excellent
Sandy,6.06,2.1,0.86,124,41,173,11.47,16.83,Poor
Sandy,5.2,0.54,0.44,187,31,143,16.19,13.06,Poor
Loamy,4.61,2.12,0.99,298,49,134,40.27,22.44,Good
Clay,7.41,1.44,0.89,397,8,519,29.7,35.7,Good
Sandy,7.37,2.14,1.6,394,41,280,43.26,31.66,Excellent
Clay,6.03,1.19,0.67,256,75,52,12.53,36.52,Moderate
Loamy,4.82,1.07,1.75,307,37,186,20.33,28.47,Excellent
Loamy,6.34,2.3,1.74,270,35,134,16.77,13.91,Excellent
Sandy,5.9,0.78,0.67,239,59,332,29.38,13.44,Moderate
Loamy,7.55,2.14,0.82,346,16,64,23.4,11.44,Good
Sandy,7.23,1.31,1.64,437,15,311,15.5,27.01,Excellent
Loamy,6.14,1.38,1.75,405,76,544,32.5,17.29,Excellent
Loamy,5.48,0.91,0.97,269,36,205,28.77,32.03,Good
Sandy,8.95,1.52,0.78,254,61,126,19.62,30.59,Good
Sandy,6.54,0.95,1.09,369,42,530,26.79,19.54,Good
Sandy,7.6,0.29,1.33,436,64,180,36.1,15.3,Excellent
Loamy,5.13,0.83,0.71,224,23,142,17.18,13.07,Moderate
Loamy,6.69,0.21,1.4,311,88,265,20.25,32.12,Excellent
Clay,4.62,2.45,0.38,439,60,333,22.11,23.51,Poor
Sandy,6.77,2.42,0.37,283,18,345,36.14,19.71,Poor
Loamy,8.84,1.11,0.88,292,37,293,39.64,35.7,Good
Loamy,6.23,1.88,0.83,119,14,219,23.17,27.81,Poor
Sandy,4.68,1.0,0.77,354,84,79,20.38,25.54,Good
Clay,4.64,1.74,1.04,402,68,559,41.13,32.3,Good
Sandy,6.25,2.05,0.78,161,68,585,44.98,34.47,Good
Clay,5.22,2.38,0.59,260,66,275,33.46,30.58,Moderate
Loamy,4.61,1.12,0.76,399,72,502,44.65,23.2,Good
Clay,7.9,2.0,1.76,162,47,267,33.1,21.38,Excellent
Loamy,6.56,0.81,0.92,382,84,522,35.67,33.15,Good
Sandy,5.8,2.48,0.97,341,63,469,23.6,25.54,Good
Sandy,8.55,0.26,1.16,351,56,61,25.15,31.13,Good
Sandy,5.02,1.59,1.78,279,23,382,15.04,36.71,Excellent
Clay,8.8,1.72,0.66,319,25,79,38.8,37.48,Moderate
Loamy,5.91,1.78,1.32,259,26,212,42.59,18.33,Excellent
Sandy,8.5,0.48,1.37,250,13,478,31.82,15.64,Excellent
Sandy,7.21,2.36,1.21,374,13,218,22.03,17.84,Excellent
Loamy,8.22,0.62,0.43,256,77,172,15.39,32.54,Poor
Sandy,8.93,1.63,1.32,448,31,390,19.28,21.1,Excellent
Loamy,5.8,0.71,0.4,316,21,564,18.94,15.2,Poor
Loamy,8.83,0.91,1.19,217,48,579,31.47,12.95,Good
Loamy,6.25,1.46,1.41,406,49,545,43.08,19.82,Excellent
Loamy,6.23,1.16,0.62,445,12,123,11.69,14.08,Moderate
Loamy,6.03,0.57,1.56,390,84,503,10.04,14.69,Excellent
Clay,6.94,0.59,0.35,208,22,382,31.01,30.52,Poor
Sandy,5.19,1.16,1.57,128,37,319,19.94,10.59,Poor
Clay,6.99,1.94,0.99,243,5,302,40.82,13.53,Good
Sandy,6.94,2.27,0.63,356,80,205,21.45,35.33,Moderate
Clay,7.93,0.39,0.5,372,10,332,20.14,35.35,Moderate
Loamy,8.25,1.1,1.73,195,45,548,19.43,19.88,Excellent
Sandy,6.48,0.43,0.41,103,59,265,15.07,12.64,Poor
Sandy,5.86,0.24,0.6,390,9,209,30.35,31.15,Moderate
Clay,5.67,1.72,0.82,104,63,487,15.89,20.8,Poor
Clay,5.38,1.59,1.23,206,84,541,24.86,11.36,Excellent
Sandy,4.76,0.57,1.12,313,22,566,26.13,14.73,Good
Clay,6.04,0.74,0.49,288,53,418,10.72,14.12,Poor
Clay,5.72,0.25,0.73,172,86,240,10.59,27.67,Moderate
Clay,8.85,2.12,0.66,173,69,289,28.21,36.94,Moderate
Loamy,7.01,2.44,0.62,406,87,448,34.36,33.79,Moderate
Loamy,6.06,0.51,0.92,304,58,164,42.97,26.4,Good
Clay,7.11,0.73,1.36,359,65,152,16.27,22.66,Excellent
Clay,5.13,2.2,0.63,90,12,176,13.61,28.56,Poor
Loamy,6.5,2.33,0.85,408,7,535,11.82,23.31,Good
Loamy,7.32,1.17,0.89,91,29,189,25.26,17.38,Poor
Sandy,6.7,0.32,1.76,114,73,382,31.81,30.38,Poor
Sandy,6.31,0.29,1.73,307,59,360,39.42,36.2,Excellent
Loamy,8.97,1.52,1.5,299,44,571,33.89,21.19,Excellent
Clay,8.46,1.1,0.66,220,87,328,17.29,35.25,Moderate
Clay,7.31,0.27,0.4,102,86,528,26.16,22.93,Poor
Clay,7.06,1.54,0.78,162,54,531,41.86,22.04,Good
Clay,7.29,0.23,0.7,308,37,291,21.44,10.85,Moderate
Sandy,5.41,2.01,1.06,423,22,116,27.46,30.86,Good
Loamy,6.28,0.9,1.47,159,61,431,43.55,34.23,Excellent
Clay,4.68,0.29,1.59,432,20,451,35.71,29.91,Excellent
Sandy,6.64,1.55,1.57,369,84,212,36.17,14.54,Excellent
Clay,6.94,1.11,0.84,410,42,240,18.83,13.1,Good
Loamy,5.52,2.44,1.33,238,45,256,24.51,27.19,Excellent
Sandy,8.84,1.45,0.77,207,11,415,12.88,22.05,Good
Loamy,8.59,0.83,0.39,269,82,50,31.23,22.87,Poor
Loamy,7.75,1.83,1.35,110,57,51,13.63,39.03,Poor
Sandy,6.9,0.82,0.31,438,67,474,39.26,31.72,Poor
Sandy,8.41,2.28,0.91,94,36,412,38.51,22.35,Poor
Sandy,5.09,1.06,0.79,392,42,312,28.68,10.57,Good
Sandy,8.06,1.46,1.34,154,26,548,14.94,11.02,Excellent
Sandy,5.06,0.32,1.45,113,20,171,10.9,30.54,Poor
Sandy,8.07,1.18,0.76,438,56,358,37.88,35.13,Good
Sandy,5.74,2.11,1.52,275,33,207,31.0,31.23,Excellent
Clay,8.45,2.05,0.74,410,20,436,34.88,22.18,Moderate
Loamy,8.75,0.72,0.97,108,80,219,20.63,10.93,Poor
Sandy,5.17,0.72,1.39,273,21,97,27.83,39.02,Excellent
Clay,6.58,2.08,1.34,95,68,519,36.15,39.59,Poor
Clay,8.91,2.34,1.78,156,17,499,26.19,26.48,Excellent
Clay,6.68,0.42,0.64,372,76,100,31.05,12.12,Moderate
Loamy,8.39,1.24,1.29,160,60,408,37.64,26.23,Excellent
Sandy,7.15,0.98,1.21,203,9,160,17.53,36.77,Excellent
Clay,6.19,2.2,1.67,98,16,585,12.31,30.4,Poor
Loamy,5.79,0.39,0.53,181,45,56,28.61,31.6,Moderate
Loamy,5.41,0.69,1.43,156,7,535,12.17,12.55,Excellent
Loamy,7.93,1.93,1.15,308,37,536,36.83,13.2,Good
Clay,6.24,0.32,0.71,376,54,544,35.17,13.82,Moderate
Sandy,6.8,1.33,1.01,282,60,571,40.86,37.13,Good
